,original_sentence,cs1_index,cs2_index,distance
0,rich neighborhood ， 非常 安全 （ 这里 属于 富人 区 ） ， 旁边 就 是 公园 ， 附近 还有 配套 的 各 种 球场 和 社区 设施 ， 环境 很 好 很 安静 。,0,3,3
1,lease 从 八月 开始 ， 具体 日期 可以 商量 。,0,1,1
2,house 一共 有 两 层 + 地下室 。,0,1,1
4,整个 house 家具 齐全 。,1,2,1
6,空调 有 window ac 和 暖气 。,2,5,3
7,入住 时间 flexible ， 可 长期 入住 。,2,4,2
8,感兴趣 的 同学 ， 欢迎 email （ 请 注明 “ 租房 ” ） ， 请 简单 介绍 一下 自己 。,5,8,3
9,二 楼 是 三 间 卧室 和 一 个 full 卫生间 。,9,12,3
10,有 兴趣 者 ， 请 email 短信 介绍 一下 自己 情况 。,5,6,1
13,精装 修 家具 全 free 无线 上网 !,4,5,1
14,对比 其他 地方 ， 可能 和 很多 人 share ， 并且 还 很 贵 ！,8,10,2
15,房东 非常 无敌 nice 还 会 帮忙 丢 垃圾 ！,3,9,6
16,户型 ： 一 楼 是 超大 living room ， dining room 及 厨房 ；,6,9,3
18,暑期 短 租 还 available 哦 。,4,6,2
19,有 pet 可以 商量 正规 物业 管理 ， pa 法律 规定 租房 合同 ， 保护 双方 权益 ， 安心 入住 。,1,2,1
20,欢迎 email 联系 咨询 。,1,3,2
21,所有 想 寄 想 return 的 东西 ， 直接 放在 公寓 一 楼 就 可以 。,4,5,1
22,免费 送 顶楼 view 和 顶楼 的 阳光 普照 !,3,4,1
23,bathroom : 二 楼 和 地下室 各 有 一 个 卫生间,0,2,2
24,适合 couple 或 单身 居住 。,1,2,1
27,house 里面 有 一 个 shared kitchen 和 dining room ， 烤箱 微波炉 洗衣机 都 有 ， 餐具 也 可以 和 家 里 其他 人 share 。,0,1,1
28,一 层 有 doorman 帮忙 开门 和 收发 快递 ， 不用 担心 快递 丢失 等 问题 ；,3,4,1
30,性格 非常 nice 好 相处 ， 绝对 不 会 打扰 你 。,2,11,9
31,［ 治安 ］ 附近 治安 好 ， 公寓 有 doorman ， 收发 快递 也 方便 。,9,11,2
32,an open-air shopping 经历 。,0,4,4
33,（ 对比 其他 地方 ， 可能 和 很多 人 share ， 并且 还 很 贵 ！,9,11,2
34,附近 neighborhood 非常 安静 也 非常 安全 ， 临近 富人 区 。,1,2,1
36,房子 目前 几乎 是 fully furnished ， 含 电视 ， 床 ， 书桌 ， 餐厅 大 桌子 ， 椅子 ， 生活 用品 基本 齐全 。,4,7,3
37,想 找 1-2 间 带 家具 的 house room 或者 apartment room ，,7,9,2
38,房间 是 一 栋 house 的 顶层 ， 非常 宽敞 。,3,5,2
39,budget 灵活 。,0,1,1
40,客厅 超大 ， walk-in closet 也 很 大 。,3,6,3
41,如果 感 兴趣 ， 请 通过 email 联系 em@7,6,7,1
42,leasing office 就 在 lobby ， 员工 也 非常 好 ， 有 什么 问题 随时 可以 找 他们 沟通 解决 。,0,2,2
44,由 正规 公司 管理 ， 欢迎 email 联系 咨询 详细 。,6,8,2
45,卧室 内 家具 齐全 ， queen size 床 ， 拎包 入住 。,5,11,6
46,有 indoor 和 outdoor 的 停车场 ， 而且 周围 的 街区 都 可以 免费 街趴 。,1,2,1
47,我 是 刚 毕业 没 多久 的 young professional ， 安静 好 相处 ， 会 居家 也 爱 出去 浪 。,7,10,3
48,整个 公寓 总共 两 人 share ， 两 人 比较 好 协调 。,5,3,1
49,户型 ： 一 楼 是 超大 living room ， dining room ， sun room 及 厨房 。,6,14,8
50,还有 其他 utility 吗 ？,2,5,3
51,大家 住 过 house 就 知道 房东 有 多 重要 了 ！,3,5,2
52,house 出租 2018 .,0,1,1
53,房型 ： house 一 层 ， 与 二 层 完全 独立 。,2,3,1
54,餐厅 和 deck 之前 是 全 景 玻璃 门 。,2,3,1
57,且 在 寒冷 的 匹兹堡 cover 所有 暖气 费 ！,5,6,1
59,房间 宽敞 ， 客厅 更大 ， 可 开 party ， 卧室 里 各 式 家具 齐全 ， 拎包 入住 。,8,10,2
60,欢迎 text ， 不 能 时时 接 电话 。,1,4,3
61,utility 不 包 。,0,2,2
62,门口 有 bus 到 中国 店 等 。,2,3,1
63,main office 就 在 地下 一 楼 ， 咨询 非常 方便 。,0,2,2
65,全新 的 宜家 买 的 twin size 的 床 和 书桌 柜子 ， 房间 内 有 closet 。,5,1,1
66,pn-3 call 或者 text 都 阔 以 。,1,3,2
67,我俩 都 是 刚 毕业 没 多久 的 young professional ， 安静 好 相处 ， 会 居家 也 爱 出去 浪 。,8,11,3
68,可以 share 大部分 家用 电器 ， 厨房 用品 ， 家具 等 。,1,2,1
69,一 楼 还 有 一 个 健身房 ， 及 vending machine + 小 食品 店 ， 深夜 饿 了 买 吃 的 方便 。,9,12,3
70,家具 ： 整个 house 家具 齐全 ， 出租 卧室 家具 齐全 ， 可以 打包 低价 转让 ， 方便 拎包 入住 。,3,4,1
71,卧室 里 有 一 个 queen bed ， 凉台 上 又 一 个 twin bed 。,5,8,3
72,两 个 block 内 有 各 种 吃 = 的 ， 银行 和 小 超市 。,2,3,1
73,about apt ： 两 室 一 厅 ， 一 个 卫生间 ， 空间 很大 ， 朝向 为 南 ， 所以 有 充足 的 阳光 。,0,3,3
74,bedroom ， den ， 和 hallway 均 有 closet 3 .,0,5,5
75,同 问 楼主 这个 house 现在 还 在 招租 吗 ？,4,5,1
76,洗 手间 春天 刚 remodel 过 很 干净 。,4,5,1
78,manager 很 nice ， 有 问题 会 及时 给 解决 。,0,1,1
80,楼道 building manager 和蔼可亲 。,1,3,2
81,room : 超大 空间 ， 包 家具 ， 直接 入住 。,0,2,2
82,附近 house 的 地下室 或者 车库 都 是 可以 的 。,1,2,1
83,家具 ： queen size 床 ， 桌子 转椅 台灯 ， 有 吊扇 和 顶灯 。,2,14,12
84,后院 有 double deck ， 很 休闲 安静 。,2,5,3
86,现在 还是 available 吗 ？,2,4,2
87,house 一共 有 三 间 卧室 ， 另外 两 间 分别 住 了 一 个 匹 大 本科 美国 女生 ， 和 一 个 匹 大 博士后 中国 男生 。,0,1,1
88,房子 目前 几乎 是 fully furnished ， 含 电视 ， 床 ， 书桌 ， 餐厅 大 桌子 ， 椅子 等 。,4,7,3
89,如果 renew ， 也 是 yearly lease 从 夏天 都 夏天 。,1,3,2
91,朋友 来 聚餐 ， 开 party 都 有 足够 空间 。,5,6,1
92,松鼠山 公寓 很少 ， 所以 我 的 房子 既 能 享受 apartment 的 物业 ， 又 能 享受 松鼠 山 的 优越 位置 。,1,6,5
93,顶 个 ~ update 一下 ： 房子 还 在 。,3,4,1
94,适合 爸 妈 来 visit ， 男女 朋友 来 visit ， 各 种 。,4,6,2
95,apartment 是 一 房 一 厅 ， 一 厨房 ， 一卫浴 。,0,1,1
100,小区 环境 非常 幽静 ： 有 多 处 playground 和 公园 ， 很 适合 有 孩子 （ 和 老人 ） 的 家庭 在,8,10,2
101,房间 明亮 宽敞 ， 干净 整洁 ， 有 walk in closet ， 家具 齐全 ， 可 拎包 入住 。,8,12,4
102,有 一 个 fireplace ， 中央 空调 。,3,5,2
103,prefer 男生 。,0,3,3
104,其他 附近 的 房子 可能 有 个别 卧室 或者 house 也 可以 夏天 短 租 的 。,9,12,3
107,整个 house 不 单独 租 一 个 卧室 ， 希望 同学 结伴 租 整 个 house 。,1,2,1
108,单独 饭厅 ， 后院 可 免费 停车 ， 包 utility ， 全 套 家具 .,9,13,4
109,整个 house 的 是 yearly lease .,1,2,1
110,补充 ： 如果 几 个 同学 一 起 租 整 个 house ， 麻烦 告知 具体 要求 。,9,12,3
111,整 栋 house 的 最早 2017/6/1 开始 入住 。,2,3,1
112,如有 需要 ， 请 email 联系 （ em@19,4,6,2
114,手头 没有 floor plan ， 所以 自己 画 了 张 。,2,5,3
115,邮寄 的 包裹 不用 担心 丢失 ， 会 有 doorman 代为 签收 保管 ；,9,10,1
116,house 内部 精心 装修 过 ， 因此 住 得 非常 舒服 。,0,1,1
117,house 在 白人 养老 社区 ， 环境 十分 幽静 ， 治安 很 好 。,0,1,1
119,厨房 卫生间 ： 可能 与 另 一 个 房间 的 人 share ， 另 一 个 房间 是 女生 ， 匹 大学生 ， 人 很 nice ， 很 爱 干净 。,11,5,1
120,周边 ： 附近 有 bar 和 餐厅 ， 还 有 小 超市 。,4,5,1
121,房间 格局 ： 一 室 一 厅 一 厨 一 卫 ， 很 适合 一 个 人 或 couple 入住 ， 房间 的 隔音 效果 很 好 。,18,19,1
122,可以 直接 签 一 年 ， 也 可以 接 现在 的 lease 然后 续签 。,11,12,1
123,房租 加上 utility 费用 一共 每 月 $1086 。,2,5,3
125,可以 在 网上 看 这个 apartment 的 介绍 。,5,6,1
126,公寓 的 详细 信息 和 图片 可以 在 union 的 网站 上 看到 。,8,1,1
127,若 有 兴趣 请 发 email 到 em@20,5,6,1
128,公寓 也 是 pet friendly 的 。,3,6,3
131,还有 个别 house 和 个别 单独 的 房间 招租 。,2,3,1
132,房间 位 于 house 三 层 楼 的 第三 层 。,1,3,2
133,整个 house 家具 齐全 ， 出租 卧室 家具 齐全 ， 可以 打包 低价 转让 ， 方便 拎包 入住 。,1,2,1
134,update on 7-27/2016-- 还有 两 个 卧室 招租 ， 欢迎 联系 。,1,4,3
135,可以 租 整 个 house ， 也 可以 租 单独 一 个 两 个 卧室 。,2,5,3
137,ps : 中国 房东 ， 特别 nice .,0,2,2
138,房东 只 给 了 一 张 house 外 观照 ， 比较 irrelevant 我 就 不 po 了 。,6,7,1
140,整个 house 的 结构 ： 一 楼 是 客厅 、 餐厅 和 厨房 （ 厨房 很 好 ， 夏天 可以 打开 后门 到 阳台 ） 。,1,2,1
141,房子 ： 是 一 个 house ， 有 中央 空调 。,5,8,3
143,一 楼 有 doorman ， 负责 人员 进出 管理 以及 收发 包裹 ， 所以 不用 担心 安全 问题 以及 包裹 丢失 。,3,5,2
144,有 indoor 和 outdoor 的 停车场 ， 而且 周围 的 街区 都 可以 免费 街 pa 。,1,2,1
145,卧室 内 一 个 closet ， 客厅 另 有 一 个 closet 。,4,6,2
146,bedroom 个数 至少 两 个 及 以上 ；,0,1,1
147,apt 或者 house 都 可以 。,0,1,1
148,短期 的 summer lease 也 可 考虑 。,2,5,3
149,如果 有 兴趣 ， 各位 同学 可以 站 内 留言 或者 email ， 告诉 我 对 房子 的 要求 。,11,14,3
150,town house ， 四 卧室 。,0,3,3
152,具体 email 沟通 em@26,1,3,2
153,see new ad 能 麻烦 您 介绍 的 具体 一点 嘛 ？,0,4,4
154,房子 价格 加上 所有 设施 ， 人均 每 月 大概 在 $580~$650 （ 费用 因 gas 包 不 包含 heat 而 变化 ） 。,15,16,1
155,lobby 照片 ， 安全 有 保障,0,1,1
156,这 房子 实在 是 大 到 没 朋友 ， 要 不 是 我 有 lease 在 身 我 都 想 搬 进去 。,14,22,8
158,是 house 的 一 楼 ， 一共 三 间 房 + 厨房 + 客厅 + 卫生间 。,1,2,1
159,进出 lobby 需要 门禁 钥匙 ， 所以 非常 安全 。,1,2,1
160,prefer 女生 ～～～,0,1,1
161,感兴趣 可以 email 或 预约 看 房 email ： em@28,2,4,2
162,房子 floor plan 和 照片 如下 。,1,2,1
163,门口 有 doorman ， 特别 安全 。,2,4,2
164,本人 四月 毕业 ， lease 签到 五月 底 。,4,5,1
165,apartment 水电 暖 全 包 ， 两 人 住 的 话 人均 467 .,0,1,1
167,单独 房间 ， 和 两 个 人 share 一 个 洗手间 ， （ 不过 暑假 可能 有 人 回家 就 人少 了 。,7,8,1
168,在 这里 住 过 的 人 都 拿到 了 很 好 的 工作 offer 如 有 兴趣 可 email : em@32,7,14,7
169,如果 你们 同学 结伴 而来 ， 愿意 租 整 个 house ( 里面 可能 2-5 个 卧室 的 都 有 ) ， 也 可以 。,8,11,3
170,欢迎 联系 并 告知 租房 要求 （ 简单 自我 介绍 ， 告知 入住 时间 ， 人数 ， 房间 or house 离 学校 远近 ， 预算 ） 。,18,20,2
171,house 有 四 个 房间 一 个 客厅 外加 一 个 阁楼 ， 平时 住 非常 宽敞 ， toc/eoc 的 时候 还 可以 住 客人 ， 完全 不 会 拥挤 。,0,1,1
172,便利 店 ： 走 一 个 block 就 到 韩国 超市 ；,6,7,1
173,餐饮 ： 走 一 个 block 就 到 餐馆 最 多 的 craig 。,5,6,1
174,available now 顶 ！,0,4,4
176,the price : $600 一 个 月 ， 包 水 煤气 暖气 。,0,12,12
177,家具 柜子 ， 书桌 ， 饭桌 ， 椅子 ， 台灯 ， queen size bed ， 配置 齐全 ， 拎包 入住 。,11,14,3
178,本 房间 在 三 楼 ， 居民 邻居 多 是 学生 和 老人 ， leasing office 希望 保持 公寓 居住 环境 ， 所以 不 吵 不 闹 。,14,16,2
179,从 building 进门 开始 全 是 地毯 。,0,4,4
180,doorman service 帮忙 收取 快递 信件 。,0,1,1
181,地毯 刚刚 deep clean 过 。,2,4,2
183,现在 出租 该 house 三 层 的 三 件 卧室 中 的 一 间 。,3,4,1
184,客厅 非常 安静 ， 适合 学习 ， 厅 内 另 有 一 个 walk-in closet 可以 用 。,13,16,3
186,- free parking or paid garage 联系 方式 ： pn-8em@33,0,5,5
187,两 个 houses : house＃1&＃2house＃1 : 代 朋友 发 。,2,4,2
188,utility 和 网络 全 包 。,0,3,3
189,更新 ： 房租 调整 为 大 卧室 $440 / 月 ， 小 卧室 $360 / 月 ， utility 全 包 。,17,20,3
190,可以 协商 move in date ， 一月 开始 随时 入住 ！,2,5,3
194,垃圾 有 人 每天 清理 ， 相 比较 住 house 简直 省 时 省力 。,9,10,1
195,house 共 有 四 个 房间 ， 二 楼 和 三 楼 各 两 个 房间 ， 每 层 有 一 个 卫生间 。,0,1,1
196,人非常 nice ， 整洁 干净 ！,0,4,4
197,我 这 件 卧室 大小 是 大概 可以 放下 两 张 king size 的 床 。,11,15,4
200,我 住 dining room ， 和 living room 有 隔断 。,2,4,2
201,里面 有 三 个 卧室 ： bedroom 1 .,4,7,3
202,含 一 个 outdoor parking 固定 车位 ， 不 需要 抢 。,3,5,2
204,每 个 bedroom 里 还 有 两 层 ， 是 个 loft 的 感觉 ， 很 大 。,0,2,2
205,两 个 walk-in closet 非常 宽敞 。,2,5,3
207,这个 apt 非常 好 ， 可能 整个 匹兹堡 都 找 不 到 这么 便宜 的 apt 了 。,1,2,1
208,地下室 有 洗衣机 ， 不 用 交 quarter 就 能 洗 有 木 有 啊 ！,4,6,2
209,所有 家具 齐全 （ queen size 床 + 书桌 + 转椅 + 衣柜 + 书柜 ） 只 需 提包 入住 。,4,6,2
211,房间 里面 的 现有 queen size 的 大 床 ， 书桌 ， 书架 ， 衣柜 ， 穿衣镜 ， 完全 的 拎包 入住 。,4,2,2
212,我 在 其中 一 处 住 将近 三 年 ， 附近 治安 良好 ， 房东 很 nice ， 有 事 会 提前 通知 住户 。,16,18,2
213,前面 打算 租房 的 学生 ， 因 签证 check ， 无法 确定 入住 时间 。,8,10,2
214,两 层 house ， 卧室 两 个 ， 一 大 一 小 ， 现在 出租 大 卧室 。,2,5,3
215,房型 是 一 室 一 厅 （ 包括 bath 和 kitchen ， 全 独立 ） 。,8,9,1
216,update ： 已 租 ， 谢谢 ！,0,2,2
217,两 层 house ， 卧室 两 个 ， 一 大 一 小 。,2,4,2
218,house 另 一 户 内 还有 大小 房间 可 供 选择 。,0,1,1
219,出租 客厅 / 卧室 ， 房间 面积 大 采光 好 ， floor plan 非常 好 ， 卧室 客厅 无 连通 互 不 影响 。,11,12,1
220,rooms : 家居 齐全 。,0,2,2
222,所有 家具 用品 都 包 ， 包括 paper napkin ， paper towel ， 厨房 用具 ， 洗浴 永平 随便 用 。,7,10,3
223,有意 请 email 房东 至 em@39,2,4,2
224,毕竟 共 用 bathroom ， 还是 同性 的 方便 点 。,1,4,3
226,是 一 个 house 里面 的 卧室 。,3,4,1
228,房子 是 三 层 的 house ， 一 层 客厅 ， 厨房 和 餐厅 。,0,7,7
229,house 我们 住 了 一 年 ， 性价比 非常 高 ， 上学 ， 吃饭 ， 逛街 都 非常 方便 。,0,1,1
230,有 一 个 后院 ， 两 个 车库 share ， 不过 街 pa 最 方便 。,5,10,5
231,原 房东 post 的 帖子 ：,2,3,1
232,apartment 的 名字 叫 royal plaza ， 可以 上 他们 的 网站 上看 ， 我们 住 一 层 。,0,1,1
233,另外 一 个 卧室 也 希望 能 半价 出售 queen size 的 床 ， 价钱 好 商量 。,9,16,7
234,房子 有 三 个 洗手间 ， 二 楼 三 人 share 一 个 大 洗手间 ， 有 猫 脚 浴缸 。,10,11,1
236,地下室 有 洗衣机 ， house 里 有 厨房 ， 洗手间 . C320,4,5,1
238,这个 apt 是 pitts university 负责 管理 的 ， 附近 也 基本 没有 安全 问题 。,1,2,1
239,住宿 ： 整个 house 三 层 。,3,4,1
241,neighborhood 环境 很 好 ， 房子 非常 安静 。,0,2,2
243,: 我 没 研究 出来 咋 在 这里 付 图片 ， 想 看 房间 照片 的 欢迎 email 或者 短信 我 ！,17,19,2
245,房间 内 有 一 个 closet 可以 放 衣服 。,5,6,1
246,bonus : 本人 有 车 ， 周末 可以 一起 采购 。,0,2,2
247,有 basement ， 独立 laundry ， 门口 可以 免费 停车 。,1,3,2
248,这个 房子 ， 是 新 签 下来 的 lease ， 所以 一切 都 是 全新 的 。,8,10,2
249,房东 很 nice ， 房子 的 设施 都 会 很 及时 的 维修 。,2,4,2
250,不 存在 某些 house 暖气 费 很 贵 ， 却 还是 不 暖 的 问题 。,3,4,1
251,公寓 在 非常 好 的 location ， 安静 安全 ， 又 方便 。,5,7,2
252,各 人 空间 互 不 打扰 ， share 厨房 客厅 餐厅 和 卫生间 。,7,9,2
253,公寓 有 免费 gym 和 parking 。,3,4,1
254,house 位 于 独 栋 别墅 二 层 ， 三 室 两 厅 ， 客厅 不 住 人 。,0,1,1
255,house 暑假 短租 ！,0,1,1
257,这 是 apartment 的 网址 （ 不 是 病毒 ！,2,3,1
258,户型 ： studio 超级 温馨 的 一 个 小 开间 ， 一 个 人 或者 情侣 住管够 ！,2,9,7
260,卧室 、 客厅 和 厨房 的 家居 齐全 ， 有 独 用 的 小 客厅 和 half 卫生间 。,16,18,2
261,是 一 个 house ， 非常 干净 整洁 。,3,5,2
262,现在 meyers 的 房子 整体 都 涨价 了 各个 apartments .,10,3,1
263,apartments 有意 请 联系 pn-10 顶,1,2,1
264,希望 能 找到 起码 不 是 街 park 的 住房 ， 有 garage 最好 。,6,8,2
265,房子 ： 独立 house ， 二 层 的 一 间 卧室 。,0,5,5
266,可 步行 至 forbes 或 murray 乘 bus 去 学校 等地 。,8,4,1
267,请 联系 pn-11 或 email 至 em@43,4,6,2
268,lease 到 七月 底 ， 你 要 想 续 也 可以 直接 找 公司 续 。,0,1,1
269,地址 ： greenfield 住房 周围 环境 优美 有 park 可以 跑步 健身,8,3,1
270,一 层 duplex ， 超大 两 房 ( 15'*15' ) 一 卫 ， 木质 地板 .,2,5,3
271,匹 大 房产 ， management 非常 负责 。,4,6,2
272,房间 是 house 里面 的 一 间 ， 地址 在,2,3,1
274,这 是 一 个 二 层 house 的 一 楼 。,6,7,1
275,公寓 在 一 个 三 层 house 的 两 楼 。,6,7,1
276,客厅 的 大 窗户 外面 是 个 草地 ， view 还 不错 ， 卧室 不 临街 。,9,10,1
277,一 个 queen size 的 床 。,2,4,2
278,queen size bed 非常 大 的 closet ！,0,2,2
279,living room 与 bedroom 彻底 分离 ， 也 比 bedroom 大 一 圈 。,0,1,1
281,所以 我 经常 有 一 个 人 坐 拥 一 个 大 apt 的 感觉 。,12,13,1
282,匹兹堡 冬天 很 长 ， 我 朋友 住 house 一 个 月 暖气 费 就 要 100+ 均摊 到 一 个 人 身上 ， 还 要 自己 照顾 垃圾 费 和 别的 杂费 。,7,9,2
283,house 门口 就 是 停车场 ， 有 车 的 同学 也 会 十分 方便 。,0,1,1
284,公寓 带 garage ， 也 有 露天 车位 ， 有 车 的 朋友 比较 方便 ， 公寓 每 周 都 有 人 来 打扫 公共 区域 ；,2,4,2
285,另外 ， 我 的 时间 很 flexible ， 入住 时间 ， 价格 可 洽谈 哈 。,6,8,2
286,可以 免费 提供 queen size 床 （ 新 ） 、 写字台 等 设施 。,3,13,10
287,apartment 由 公司 管理 ， 服务 非常 到位 ， 任何 东西 坏 了 只 需 一 个 电话 ， 修理 十分 及时 。,0,1,1
288,apartment 在 elwood 上 ， 安静 ， 安全 ， 公交 方便 。,0,1,1
289,apt 是 三 居室 ， 住 的 都 是 女生 。,0,1,1
292,周围 几 个 block 住 的 都 是 传统 犹太 家庭 ， 邻里 和睦 ， 安全 有 保障 。,3,4,1
293,两 室 两 厅 apartment ， 房间 巨大 ， 宽敞 明亮 。,4,6,2
295,该 house 目前 三 女 两 男 。,1,2,1
296,house 一 层 。,0,1,1
297,你 既可以 和 我 睡 一 间 bedroom （ 中间 可用 隔断 ， 价格 $555+网费 ） ， 也 可以 睡 客厅 （ $490 所有 费用 都 包括 ） 。,7,9,2
300,目前 出租 house 里面 一 个 非常 容易 隔断 的 客厅 ， 地方 很 大 ， 而且 有 自己 的 half bathroom 。,2,4,2
301,请 问 还有 房间 吗 目前 还有 ， 有意 请 速 与 我 email 联系 。,13,14,1
302,房租 不 包括 utilities 水 / 电 / 气 / 垃圾费 。,3,5,2
303,匹兹堡 独 栋 house 两 间 卧室 出租 。,3,4,1
304,house 门口 免费 停车 。,0,2,2
305,可以 放 queen size 的 床 。,2,7,5
307,lease 从 8 .,0,2,2
309,如果 想 拎包 入住 ， furniture 都 好 商量 。,5,9,4
310,在 s pacific 上 的 house 。,5,3,2
311,出入 apartment 需要 专门 的 钥匙 ， 所以 非常 安全 。,1,2,1
312,超大 living room 出租 ， 有 一 个 很 大 的 窗户 ， 通风 明亮 ， 对面 就是 教堂 ， 风景 和 采光 都 是 一流 。,1,2,1
313,bathroom 淋浴 暖气 齐全 。,0,1,1
315,有 兴趣 的 同学 随时 email 或者 留言 ， 谢谢 。,5,6,1
316,email 联系 ， em@48 企鹅 .,0,1,1
317,下面 有 floor plan 的 图 ， 我 家 正好 是 左右 反 一 反 ， 然后 bedroom 顶上 还 有 一 面 窗 。,2,4,2
318,house 里 有 washer dryer dishwasher 。,0,1,1
319,出租 的 是 house 里面 的 几 个 卧室 ， 有 家具 。,3,4,1
322,washer and dryer ( free to use ) ， 大量 储藏 空间 。,0,7,7
323,房型 ： 是 一 个 house ， 里面 有 四 个 卧室 。,5,7,2
324,washer dryer 在 地下室 ， 免费 实用 ；,0,3,3
326,也可以 email 联系 。,1,2,1
327,topic : 出租 客厅 ！,0,2,2
328,因为 两 个 房间 离 客厅 都 很 远 ， 中间 隔 有 dining room ， kitchen 还有 bathroom 相隔 ， 所以 互相 干扰 不 大 。,13,16,3
330,， 是 一 栋 house ， 三 个 房间 加 一 个 阁楼 ， 两 个 bathroom 。,4,6,2
331,绝对 是 squirrel hill 最 好 的 house 了 ， 没有 之一 ！,6,3,2
332,email 联系 em@52,0,1,1
334,附近 有 一 个 playground ， 可以 打 篮球 ， 羽毛球 ， 网球 等等 。,4,6,2
336,其他 另外 本人 去年 暑假 就 来 参加 了 acc ， 如果 是 参加 acc 的 同学 ， 我 这里 可以 无偿 提供 教材 和 资料 。,9,11,2
337,主 卧室 ( bedroom ) 含 独立 卫生间 ： 5/15-6/30,1,5,4
338,floor plan 已 附 。,0,2,2
340,house 有 三 个 bedroom ， 出租 其中 一 个 。,0,1,1
342,房子 采用 节能 设计 ， utilities 相比 很多 其他 房子 便宜 。,5,7,2
345,plus ： 因为 是 house ， 前门 的 porch 是 我们 ， feel free to use 。,0,2,2
347,备注 : 这 间 apartment 住房 的 质量 不同 ， 有的 房间 暖气 什么 都 不 work ， 我们 房间 各 个 设施 都 可以 work .,4,5,1
348,更多 照片 可以 来 email 联系 提供 。,4,5,1
349,但是 在 email 里面 他 想 索要 我 的 地址 ， 想要 给 我 寄 支票 。,2,3,1
350,房型 结构 ： house 一共 三 层 ， 共 四 间 卧室 ， 一 层 是 客厅 和 厨房 ， 二 、 三 两 层 各 两 间 卧室 和 卫生间 。,3,4,1
351,basement 有 free laundry and dryer .,0,1,1
352,照片 可以 来 email 联系 提供 。,3,4,1
353,包括 床 （ queen size ） ， 桌子 ， 转椅 ， 柜子 ， 灯 等等 。,3,8,5
354,家具 : 有 一些 家具 ， basement 里面 也 有 一些 之前 同学 留下 的 。,6,7,1
355,house 状况 非常 好 ， 地板 地毯 都 是 两 年 新 ， 干净 整齐 漂亮 。,0,1,1
356,原价 ： 房租 一 共 是 $1350 ( 可以 给 你 看 我们 的 lease ) ， 三 间 房 其中 一 间 大 的 是 $490 ， 其他 两 间 都 是 $430 。,14,17,3
358,公寓 带 garage ， laundry ， 电梯 ， 公寓 每 周 都 有 人 来 打扫 公共 区域 ， 屋子 里 家具 都 有 ， 可以 拎包 入住 ， 家具 全部 免费 赠送 ！,2,6,4
359,floor plan 见 附件 。,0,2,2
360,公寓 信息 ： 三 个 卧室 每个 卧室 都 非常 宽敞 ， 还有 一 个 宽敞 的 dining room ， 也 被 改为 了 卧室 。,17,19,2
361,如果 你 是 女生 ， 并且 爱 干净 ， easy going ， 就 和 我 联系 吧 。,9,12,3
362,房屋 信息 ： 整 栋 房子 是 个 三 层 的 house ， 进去 以后 每 家 独立 。,5,13,8
363,一 个 bedroom 在 三 楼 （ 不 是 阁楼 那 种 ， 是 个 大 br ） 。,2,3,1
364,住户 一律 免费 停车 （ 露天 ） ， 只 需 找 经理 领 parking permit 即可 。,3,15,12
365,因 朋友 从 国内 过来 ， 想 寻 租 一 间 bedroom ， 仅 一 周 ， 01/02/2014~01/09/2014 。,11,13,2
366,lease 还 剩 一 个 月 .,0,1,1
367,就 在 craig 和 centre 交界 的 地方 。,4,3,1
368,我 室友人 很 好 ， 很 随和 大方 ， 不 斤斤计较 ， 特别 爱 干净 ， 从不 在家 吵闹 或者 开 party 之 类 的 .,21,25,4
370,apartment 为 一 年 半 前 新 建筑 ， 各 项 设施 十分 齐备 ， 居住 条件 佳 。,0,1,1
371,有时 dining room 碰到 了 ， 用 英文 聊 东 聊 西 的 ， 很 锻炼 口语 。,1,2,1
372,share 厨房 、 浴室 。,0,1,1
373,当然 你 想 签 lease 也 可以 ， 具体 可以 和 房东 商定 。,4,5,1
374,lease 到 七月 底 结束 。,0,1,1
375,两 层 的 house ， 现在 出租 三 间 卧室 其中 一 件 卧室 ， 价钱 400$ 每 月 ， 不 含 utilities .,3,5,2
376,living room 比 房间 大 ， 而且 有 一 个 很 大 的 窗户 ， 对面 就是 教堂 ， 风景 和 采光 都 是 一流 。,0,1,1
378,如果 半 年 一 付 房租 可 享受 5% off 的 优惠 。,8,9,1
380,我 是 通过 美国 朋友 找到 这个 house 的 ， 性价比 很 好 ， 人 也 不多 ， 如果 你 喜欢 这样 传统 干净 的 美国 house ， 可以 联系 我 。,7,8,1
382,house 一 楼 ， 独立 的 一 室 一 厅 一 厨 一 卫 格局 。,0,1,1
383,a 有 window ac 。,3,2,1
384,house 里面 地下室 washer dryer 免费 使用 。,0,1,1
385,house 里面 有 四 个 独立 卧室 。,0,1,1
386,house 的 一 个 bedroom 出租 ， 带 独立 的 full bathroom 。,0,1,1
387,有 queen size 的 床 和 书桌 。,1,4,3
388,留下 电话 、 email ， 以及 你 能 看 房 的 时间 。,3,5,2
389,位置 ： house 的 位置 如下 地图 ， 红色 为 house 的 位置 。,2,3,1
390,整 栋 house 共 有 四 个 卧室 。,2,3,1
391,请 注意 是 wilkins house 那个 set .,6,5,2
393,顶 一下 ， 房子 还 available 哈 ！,5,7,2
394,basement 有 free landry and dryer .,0,1,1
395,房租 是 410/month 包 水 和 暖气 （ 冬天 省 了 一 大 笔 money ） 只 需要 share 电 和 网路 。,14,16,2
396,safety : 基本 邻居 全 是 学生 。,0,2,2
397,prefer 江浙 一带 的 人 有 兴趣 请 联系 em@70,0,1,1
398,有 兴趣 的 请 call pn-19,4,5,1
400,租金 $200 / month ， utility 全 包 。,3,6,3
401,另外 还 有 table light 、 小 架子 等 物品 ， 如果 你 购买 其他 家具 ， 可 直接 送给 你 。,3,5,2
403,【 房租 】 ： 我 的 lease 是 $749 .,6,7,1
404,一 室 一 厅 一 卫 房子 ， share 卫生间 。,8,10,2
405,本人 房间 干净 舒适 ， 朝阳 ， 有 一 张 queen size 的 大 床 ， 和 一 个 衣柜 。,10,13,3
406,且 neighbourhood 非常 安静 ， 安全 ， 夜晚 也 可 放心 行走 ， 附近 多 为 独立 house 。,1,2,1
407,还有 非常 nice 门房 帮 收 包裹 ， 帮 开门 。,2,3,1
408,大部分 pattern 很 明显 ， 一 看 就是 骗子 。,1,2,1
409,只 租 living room $330 。,2,3,1
410,或 whole apt $750 .,1,7,6
411,如果 你 对 生活 质量 要求 没 那么 高 ， 可以 一 个 住 living rm ， 一 个 住 br 。,14,11,1
412,设施 ： 公寓 basement 有 gym ， laundry ， party rm 。,3,4,1
414,我 暑假 要 出外 实习 ， 所以 bedroom 空 出来 了 。,7,8,1
415,位置 ： apartment 位于 squirrel hill 地区 。,2,3,1
416,房子 被 包租 婆 keep 得很 干净 整齐 ， 所有 人 都 比较 安静 ， 偶尔 会 一起 看 电影 ， 玩 board game ， 情趣 雅致 ， 气氛 和谐 。,4,5,1
418,大家 好 ， 我 的 apartment 在 highland park 。,5,6,1
419,送 写字 桌 ， queen size mattress+box ， 沙发 ， 拎包 入住 。,4,8,4
421,厅 超级 大 足够 放 king size bed 还有 桌子 椅子 还有 空 位置 ！,5,8,3
422,* 房间 设施 ： 独立 bedroom 大概 4m*5m 。,1,6,5
425,整个 apartment 有 四 个 卧室 ， 两 个 洗手间 。,1,2,1
427,house 是 上下 两 层 改造 成 的 apartment ， 出租 的 bedroom 位于 第二 层 。,0,1,1
428,顶 一下 ~ 再 顶 ~ 这 是 一 个 和 bedroom 几乎 一样 的 living room ， 可以 给 有 兴趣 的 同学 看 实物 图 ~,11,12,1
429,房子 信息 ： 是 一 个 house ， 共 三 层 ， 一 层 是 客厅 ， 厨房 。,0,8,8
430,the price : 公寓 出价 两 人 住 的 one bedroom one living room 是 $1100 .,0,2,2
434,匹 大 的 学生 公寓 college garden ， 很 方便 的 maintece service 。,11,8,2
435,还没有 尝试 用 easy recovery 软件 ， 听说 软件 层面 很 难 恢复 求 高手 帮忙 恢复 硬盘 ！,3,4,1
436,因为 是 学校 的 房产 ， 所以 你 必须 跟 学校 的 property management 签 合同 及 付 押金 。,12,14,2
437,我们 共同 share 的 公共 区域 希望 能 保持 卫生 。,2,3,1
440,1-3 个 bedroom 均可 。,2,6,4
441,（ 已 无效 ） 是 一 个 两 室 一 厅 的 apartment ， 两 个 房间 已 有 人 住 ， 现出 租客厅 。,12,7,1
442,如果 有 兴趣 的 可以 email 我 ： em@90,5,6,1
443,整 套 apt 位 于 一 栋 house 的 二 层 ， 三 室 两 厅 ， 中央 空调 ， 各 种 设施 齐全 而且 非常 新 !,2,3,1
444,house 有 中央 空调 循环 ， 通风 和 湿度 都 没有 没 问题 。,0,1,1
446,包含 utilities 么 ？,1,4,3
447,房子 是 两 个 bedroom （ 一 大 ， 一 小 ） ， 厨房 和 卫生间 都 很 大 。,4,6,2
448,具体 情况 可 面谈 ， 有 需要 的 同学 ， 直接 发 email 给 我 就 行了 。,12,13,1
449,about me : 多伦多 大学 本科 毕业 。,0,3,3
450,整个 apartment 还 包括 一 个 厨房 ， 一 个 餐厅 ， 和 一 个 卫生间 。,1,2,1
452,三 层 楼 豪宅 basement 带 车库 带 ， 现 租金 为 $500 一 个 月 不 包 utility ， 家具 齐全 ， 暑期 有意 sub-lease 剩下 三 个 月 的 同学 价格 好 商量 。,4,5,1
453,欢迎 email 联系 联系 方式 ： em@93,1,2,1
454,房间 内 有 air conditioner ， furniture 齐全 ， 可以 直接 拎包 入住 。,3,6,3
455,巨大 宽敞 的 全 装修 living room ， 2 .,5,7,2
456,living room 很大 ， 可以 放 full size 的 大 床 和 各 种 家具 。,0,2,2
457,虽然 是 客厅 ， 但是 有 隐私 ， 因为 两 个 房间 离 客厅 都 很 远 ， 中间 隔 有 dining room ， kitchen 还有 bathroom 相隔 ， 所以 互相 干扰 不 大 。,21,24,3
458,适合 交流 学者 或者 summer 过来 读书 的 女生 。,4,5,1
459,公寓 非常 安全 ， 服务 很 好 ， 每 天 白天 公寓 门口 都 有 非常 nice 的 门卫 大叔 负责 开门 、 收取 信件 包裹 。,6,17,11
461,出租 的 是 house 的 客厅 ， 地方 敞亮 ， 与 其他 屋子 相隔 ， 虽然 是 客厅 也 是 能够 有 隐私 的 。,3,1,1
462,我们 都 很 喜欢 这个 apt ， 生活 在 这里 很 方便 。,5,7,2
464,management 人 非常 nice 。,0,4,4
465,一 、 户型 布局 整 套 房子 有 两 间 bedroom ， 一 间 bathroom ， living room 及 dining room 。,10,11,1
466,房租 便宜 ： $450 全 包 ， 房租 ， 水电 ， wireless ， heating ， 全 都 包括 。,11,4,1
467,两 个 人 都 很 nice ， 不 喜欢 party 。,5,7,2
468,房子 可以 不 签 lease ， 但 需要 付 一 个 月 的 押金 。,4,6,2
469,一 间 大 的 bedroom ， 带 独立 卫生间 。,4,6,2
471,经常 要 去 shopping 的 同学 apt 两 室 一 厅,3,4,1
472,四 居室 的 house 需要 找 一 个 男性 roommate .,3,4,1
473,客厅 或者 share bedroom 都 可以 。,2,3,1
475,房子 的 lease 从 8 .,2,3,1
476,落脚 地方 真诚 请求 师兄 师姐 ， 如果 有 地板 空余 ， 恳请 短期 share 一 个 屋檐 救急 ， 可以 承担 短期 的 一些 租金 。,14,15,1
478,有 一 个 很 大 的 living room ， 两 个 较 大 的 closet ， 一 个 kitchen 。,6,8,2
479,平时 都 是 套 sheet 使用 ， 所以 很 干净 。,4,5,1
480,全新 的 baby safety mirror ， 可以 看到 坐在 rear face seat 上 小孩 的 情况 ， $5 。,2,6,4
481,刚刚 email 你 想 商量 一下 价格,1,2,1
482,主要 参数 如下 ： screen size : 34 .,4,7,3
483,颜色 是 purple 的 ， 很 舒服 ， 非常 实用 ！,2,3,1
484,前任 车主 都 是 学生 ， 车子 一直 都 在 dealer 定期 保养 ， 有 发票 。,10,13,3
485,客服 很 nice ， 丢 单 必 补 ， 从不 赖账 ；,2,4,2
486,但是 garden 确实 需要 提交 车辆 注册 信息 ， 这 就 是 为什么 我 想 在 plaza 求 个 车位 的 原因 。,1,2,1
487,当时 manager 就 会 给 发 一 张 停车 许可 的 sticker 。,1,2,1
488,写 paper 写 作业 必备 。,1,2,1
489,可 议价 ， 住 house 必备,3,5,2
491,因 本人 回国 ， t-mobile family plan 现 缺 一 人 ， 每 人 每 月 无线 通话 短信 2 .,5,7,2
493,最后 半 天 sale 了 ~,3,4,1
494,如果 想要 圣诞树 的 ornaments and skirt 可以 商量 ！,4,7,3
495,现有 两 块 white board 出售 ， 28*18 inches .,3,4,1
497,都 用 了 一 年 ， 而且 非常 爱惜 ， 所以 condition 很好 。,11,15,4
499,sold 还 卖 吗 ？,0,1,1
501,图片 请 右键 在 新 tab 打开 。,5,6,1
502,所有 保养 ， inspection ， 换 轮胎 全 都 是 在 奔驰 dealer 做 的 。,3,5,2
504,prepaid ， 用 多少 交 多少 。,0,3,3
505,希望 你 至少 在 plan 里 一 年 ， 按时 交 话费 ， 谢谢,4,5,1
508,clean title ， 毫无 事故 。,0,7,7
510,请 email 联系 ： em@115,1,2,1
512,因为 是 本人 的 第一 辆 车 ， 所以 非常 爱惜 ， 定期 dealer 做 保养 。,13,15,2
514,下面 是 suv 的 配置 ： feature include : 4-cyl 2 .,6,3,1
515,一 个 是 full size ， 另 一 个 是 queen size .,3,6,3
516,车主 是 第二 个 owner ， 是 个 妹子 ， 极其 爱惜 车 。,0,1,1
517,moving sale 出售 家具 ！,0,2,2
518,两 张 queen size 的 床 ， 宜家 购入 ， 很 新 ！,2,4,2
519,请问 ， area code 是 什么 .,2,4,2
520,link 里 能 看到 的 东西 都 是 available 的 ！,0,1,1
522,都 是 full size 可以 睡 两 个 人 。,2,4,2
523,无 任何 大 事故 ， clean title ， 定期 保养 ， 车况 良好 。,0,8,8
524,update 一下 。,0,1,1
525,一 个 queen size ， 一 个 full size 。,2,4,2
526,需要 事物 图片 的 message 我 ， 我 发给 你 。,4,5,1
527,联系 方式 pn-39 ， 请 先 text 一下 谢谢 ～,6,7,1
528,beats 音响 。,0,2,2
531,clean title ， 定期 保养 ， 车况 良好 。,0,4,4
532,打 电话 或 发 短信 皆 可 ， 现金 或 check 支付 。,10,11,1
533,第三 代 ipad ， 32g 内存 ， retina display 。,7,4,2
534,挂着 的 那个 是 burner ， 其他 的 是 candle holder 。,4,6,2
536,clean title ， 另外 此 车 还 在 bmw 的 warranty 之中 ！,0,4,4
537,车 非常 好 ， 可以 email 要 图片 。,5,6,1
539,因而 出售 之前 住 apartment 时 买 的 一 台 洗衣机 。,4,5,1
540,车辆 clean title ， 没有 涉及 任何 事故 。,1,4,3
542,求购 价格 适中 的 椅子 用来 coding ， 以及 书桌 上 用 的 台灯 。,6,8,2
543,吸尘器 已 出 ， box 还在,4,5,1
544,heater ， 住 house 的 同学 冬天 非常 需要 。,0,4,4
545,update : 刚 做 了 全套 的 刹车 系统 保养 ， 换 了 新 的 刹车 。,0,2,2
546,目前 匹兹堡 选择 at&t 的 用户 最多 ] 五 人 at&t 手机 plan ， 因为 一 个 成员 离开 匹兹堡 ， 现在 招 一 名 新生 加入 !,12,4,1
547,yard sale 在 哪里 ？,0,3,3
549,一边 开车 一边 说 ， call ， honey ， 然后 享受 轻松 惬意 双 手 free 的 开车 加 聊天 吧 ！,5,10,5
550,原来 跟 同学 住 客厅 ， 就 买 了 这个 衣架 （ 加 cover ） ， 方便 放 衣服 而且 可以 当 “ 墙 ” ， 当时 为了 提高 生活 品质 ， 就 狠心 买 了 ， 确实 不错 。,13,16,3
551,站 内 联系 ， thx 我 有 较小 书桌 加 转椅 出售 有 兴趣 我 发 图 到 你 邮箱,4,5,1
552,有 一 个 queen size 的 box spring 有 人 要 吗 ？,3,6,3
553,已 专业 清洗 ， 干净 整洁 ， size 相当 大 ， 大小 见 图片 。,7,8,1
555,moving sale 只 剩 最后 两 件 东西 了 ！,0,9,9
556,需要 的 请 在 这个 thread 回帖 。,5,6,1
557,车 的 状况 很 好 ， 没有 出 过 任何 大 的 mechanic 问题 。,12,13,1
558,moving sale - 高清 电视 ， 家具 和 汽车 。,0,2,2
560,moving sale 卖 家具 卖 杂货 。,0,2,2
561,已经 update 可 送 洗车 用具 如 有 问题 请 联系 一下 邮件 em@136,1,2,1
562,出 twin size mattress 一 个 。,1,4,3
563,只用 了 几 个 月 所以 现在 的 condition 除了 不 能 给 原 包装 可以 说 非常 好 。,8,9,1
564,moving sale 啦 ！,0,2,2
565,需要 床 （ 最好 是 full 以上 的 ） ， 桌子 ， 椅子 这些 。,5,7,2
566,有 被子 full size ， 特性 ： 暖和 又 轻便 。,2,5,3
567,只要 没 坏 没 bug 就 行 。,4,5,1
568,首先 ， 这 并不 是 所谓 的 apartment ， 而 是 一 个 house 里面 的 ， ground floor 。,7,9,2
569,有 口语 不 好 想 找 陪练 ， 或者 希望 找 native speaker 准备 面试 ， 文书 的 同学 可以 联系 他 。,11,15,4
570,proof that the vehicle is insured 列 了 四 种 proof ， 带 其中 一 种 就 行 了 吗 ？,0,6,6
571,每 学期 的 flex dollars 有 什么 用 ？,3,5,2
572,门口 就 可以 parking ， 超级 方便,3,5,2
574,求人 同行 ， 飞机 bus 都 可以 ， 住宿 也好 商量 。,4,5,1
575,我 和 几 个 同学 summer 要 去 纽约 实习 ， 找到 了 new jersey 的 住处 。,5,6,1
577,在 国内 有 驾照 ， 打算 租车 去 考试 ， 因为 是 permit 上路 开 所以 需要 有 驾照 的 同学 陪同 ， 请 电话 或 短信 联系 pn-52 ， 谢谢 ！,12,14,2
578,找 family plan 有 空位 的 join ， 或者 现在 还 没有 想要 签 family plan 的 同学 一 起 联系 方式 ： em@140,1,3,2
579,请 问 现在 能 confirm 我 了 吗 ？,4,5,1
580,房东 是 杨 太太 ， 人 很 nice ， 有 什么 问题 请 随时 联系 她 ： pn-0 可 留言,7,9,2
581,有 人 5/8 去 jfk 吗 ？,4,6,2
582,有 4/30 前往 jfk 的 吗 ？,3,5,2
583,hello ， 各位 ！,0,3,3
584,本人 男 ， park 校区 。,3,5,2
585,fall semester 已 出租,0,2,2
588,所以 请问 lease 是 八月 一日 开始 还是 六月 一日 ？,2,4,2
589,master 要 毕业 的 同学 看 过来 ~,0,1,1
590,而且 还 有 一些 签证 等 paperwork 需要 提前 处理 。,6,8,2
592,原价 $700 / m ， 现 只 需 $500 / m 。,3,5,2
593,去 专业 机构 quote 以后 重新 定价,3,4,1
594,爱 干净 ， 不 开 party ， 好 相处 。,5,7,2
597,没有 基础 ， 希望 利用 summer 时间 能够 集中 学习 一下 。,5,6,1
598,随时 可以 签 lease ， 今年 七月 底 或者 8 .,3,6,3
599,我 希望 找 妹子 火速 去 office 商量 这 件 事 。,6,7,1
600,会 优先 考虑 graduate student 和 女生 。,3,4,1
602,二 层 corner unit ， 采光 好 。,2,5,3
603,leasing office 有 健身房 和 游泳池 。,0,2,2
604,本人 第二 年 的 phd ， 有 一 只 超级 可爱 的 小 母 猫 ， 我 自己 话 不 多 ， 但是 遇到 投缘 的 人 或者 事情 ， 话 可以 很多 。,4,6,2
606,房间 很 大 ， 自 带 walk-in closet 和 卫生间 。,6,10,4
608,同 summer 新生 。,1,4,3
609,我 自己 有 tv mount （ 电视 挂 墙 上 的 架子 ） 。,1,3,2
610,还有 其他 几 张 信用卡 后面 再加 ， 各 个 信用卡 都 有 不同 的 福利 ， 比如 租车 保险 ， purchase cash back 等等 ， 感兴趣 的 请 自行 google 。,21,23,2
611,公寓 在 二楼 ， college court 比较 靠 里 的 building ， 很 安静 。,10,6,2
614,欢迎 男生 （ master or phd ） 咨询,3,7,4
615,至少 需要 两 间 卧室 （ 一 男 一 女 都 是 phd ） ， 或者 整 套 房子 。,12,15,3
616,房间 有 书桌 ， 衣柜 ， queen size 床 。,6,11,5
617,现在 已经 有 两 个 phd ， 一 男 一 女 ( 不 是 couple ) 。,5,7,2
618,jfk 不 去 了 ， 离 自己 的 目的地 太 远 。,0,2,2
619,无 事故 记录 （ clean title ， 可 提供 vin 报告 ） ！,5,8,3
620,hello ， 房东 微 信 一直 加 不 上 ， 有 什么 别的 联系 方式 吗 ？,0,3,3
621,直接 与 office 签约 。,2,4,2
624,【 update 】 房间 还在,1,3,2
625,我 有 个 apartment 在 downtown ， 感兴趣 联系 我 哦 pn-3,3,4,1
626,mid march 起 ， 一 年 。,0,2,2
627,申请 费 $35 / 人 ， 需要 和 office 签约 。,8,10,2
629,已 email 联系 ， 盼 回复,1,2,1
630,sorry 桌子 先 不 出 了,0,1,1
631,之前 无法 登陆 bbs 自行车 已 出,3,6,3
632,field ， 闲暇 时 可以 在 草坪 上 玩耍 。,0,2,2
633,fully furnished 拎包 入住,0,5,5
634,直接 和 office 签 lease,2,4,2
635,你 好 ， 想 问 一下 是 需要 share 卫生间 的 吗 ？,8,9,1
636,deposit 是 一 个 月 房租 。,0,1,1
637,和 microwave ， 拎包 入住 。,1,3,2
638,打算 近期 去 lancaster 一 趟 ， 当天 往返 ， 提供 ride 。,11,4,1
639,部分 家具 可 赠送 （ 床 为 full size ， 1 .,7,12,5
640,淡定 ， 面试 老师 很 nice 的 ， 后面 会 出 一 个 测评 报告 ， pass ， pass 但 建议 参加 课程 ， 不 pass 。,5,6,1
641,你 好 ， 请 问 床 queen 还 有 吗 ？,6,10,4
642,亲 ， 可以 看一下 full size 的 床 吗 ？,4,8,4
643,小区 内 经常 有 活动 ， 免费 零食 饮料 party 等等 。,9,10,1
644,海尔 洗衣机 portable 1 .,2,3,1
645,如果 恰好 你 能 提供 ride ， 请 联系 微 信 ： sinchy-tan,5,7,2
647,请 问 一下 summer 还 在 村里 教 开车 吗 ？,3,4,1
649,感谢 alex ， 人 很 nice ， 教 的 也 很 棒,5,3,3
650,师父 有 句 经典 名言 是 教 我们 how to drive ， 而 不 只是 how to take the test 。,8,11,3
652,有 需要 ride 的 同学 可以 联系 我 ！,2,3,1
653,ride 大部分 时间 都 有 ！,0,2,2
654,请 问 找到 ride 了 吗,3,4,1
655,可以 和 office 签 下 学年 租约 。,2,4,2
656,求 ride 12 .,1,3,2
658,一 个 check in 一 个 carry on 。,2,4,2
659,寒假 来临 ， 各位 同学 是否 需要 ride 去 机场 ？,7,8,1
660,两 室 友 皆 为 phd ， 安静 无 party,5,7,2
661,小区 环境 非常 好 ， 安静 无 party ， 隔壁 邻居 是 老 先生 和 太太 。,7,9,2
662,后来 又 买 了 state farm 的 房屋 保险 ， 也 是 随机 给 了 个 agent 。,16,6,2
663,但是 车 的 保险 的 agent 基本上 属于 那 种 没有 音信 的 那 种 ， 发 邮件 不 回 ， 打 电话 请 留言 的 。,5,6,1
665,ps ： 我 上面 提到 的 agents 都 是 外国人 ， 名字 就 不 透露 了 。,0,4,4
666,limited tort 主要 是 精神 赔偿 吧 ？,0,2,2
667,state farm 招 agent 的 程序 和 许多 公司 不同 。,3,2,2
668,ms yang ， 我 曾经 咨询 nationwide 的 agent 跟 我 说 不 需要 full tort .,9,3,2
669,感觉 我 的 agent 说 的 完全 不对 。,3,4,1
671,而 对于 评论 的 人 本身 而言 ， 确实 要 对 自己 的 review 负责 。,13,14,1
672,什么 情况 下 才 是 defamation ， 我 来 告诉 你 ， outright lying is considered defamation 。,5,7,2
673,关于 defamation 你 就 不要 混淆 视听 了 。,1,2,1
674,所以 我们 office 能 在 公司 连续 多 年 获得 legion of honor 等 荣誉 。,2,4,2
676,声明 ： anna 不 是 my agent ！,5,3,1
678,可以 和 office 续签 下 学年 租约 。,2,4,2
679,updated ： 二 楼 是 一些 房子 的 具体 信息 。,0,2,2
680,有 衣帽间 ， 两 人 share 一 个 卫生间 。,5,6,1
681,今天 遇到 一 个 骗子 ， 它 的 email 地址 是 em@6,8,9,1
682,我 有 token 需要 吗 ？,2,4,2
683,小区 office 如何 ？,1,3,2
684,last question ， 所以 你 朋友 推荐 去 那里 住 吗 ？,0,5,5
688,本人 phd ， 男 。,1,3,2
691,仅 去年 一 年 ， immigration daily 发布 了 近 1500+ 专业 法律 移民 文章 。,5,7,2
695,其次 是 要 准备 两 份 能 证明 你 住址 的 材料 （ utility bill ， 银行 statement ， 驾照 上 的 地址 ， 租房 lease ） 。,13,15,2
696,我 想 问 下 你 这个 的 model 是啥 ？,6,7,1
698,我们 building 旁边 就 是 个 公园 可以 跑步 散步 。,1,2,1
700,apartment 有 停车场 ， parking is free ；,0,1,1
701,期望 share 的 男生 是 学生 或 访问 学者 ， 爱好 卫生 ， 作息 规律 。,1,2,1
702,这个 小区 环境 很 好 ， 很 安静 ， 非常 适合 young couple 居住 。,11,13,2
703,parking 免费 。,0,1,1
704,mil 第二 次 亮 之后 ， 去 honda dealer 修 。,8,2,1
705,我的 困惑 ： 懂 车 的 同学 是否 知道 什么 地方 能够 检查 throttle body 和 它 的 wires .,13,14,1
706,state college 去 dc ， 提供 ride ， 可以 送到 目的地 。,6,2,2
709,更正 联系 信息 ： 请 发送 email 至 em@8,6,8,2
710,circle 社区 ( stratford,0,1,1
711,very good condition ， clean title ， no accident history ， pa inspected ， 报价 $7，000 ， 可以 议价 。,0,14,14
712,可 代为 与 office 联系 并 争取 ！,3,4,1
713,有偿 求 ride ， 7 .,2,4,2
716,本人 是 一 个 安静 整洁 无 不良 习惯 不 开 party 的 女生 。,11,12,1
717,【 the one 智能 电子琴 】 已 出,1,2,1
718,绝大多数 得到 心仪 offer 的 同学 ， 都 赢 在 了 起跑线 上 。,3,5,2
720,你 是 full time 学生 吗 ？,2,3,1
722,内容 不难 ， 但是 一 周 三 个 作业 三 个 quiz ， 两 周 一 个 exam ， 建议 在 暑假 这 种 比较 清闲 的 学期 上 。,11,13,2
723,闲暇 之 余 考 了 pa 的 property & casualty 和 life 的 保险 执照 。,7,6,1
725,送 king size 床 ~ 所有 家具 全 送 。,1,6,5
726,一 楼 一 个 卧室 ， 三 楼 两 个 卧室 ， 二 层 （ 公用 ） 是 living room ， 厨房 ， 1/2 卫生间 ， 阳台 。,18,20,2
727,小区 以 professional 住户 为主 。,2,5,3
729,因为 是 新 lease ， 所以 房子 非常 干净 。,3,6,3
730,车 一直 在 dealer 保养 （ 有 票据 ） ， 四月 底 才 保养 过 。,3,5,2
732,lease 可以 在 入住 后 去 房东 那里 签 。,0,2,2
733,赠送 gre 书,1,3,2
734,已经 打算 入手 他们 medium soft 的 了 。,4,6,2
735,bonus ： 因 现 住户 需要 回国 ， 如 确认 签约 ， 大部分 家具 免费 附送 （ 总 价值 逾 千 刀 ） 。,0,2,2
736,just dance 是 什么 意思 ？,0,1,1
737,屋内 其余 两 位 都 是 女 phd ， 离开 的 这 位 也 是 phd ， 所以 房屋 环境 安静 ， 适合 学习 。,7,9,2
738,deal 的 有 链接 吗 ？,0,1,1
739,求 村里 短 租 一 个 bedroom ， 时间 8 .,6,8,2
742,navigation system 导航,0,2,2
743,有 整 套 洗车 工具 ， 只要 不 是 final 期间 特别 忙 的 时候 ， 不 能 说 一尘不染 但 绝 不 会 有 肉眼 可 见 的 污点 。,9,11,2
744,求购 一 枚 modem ， 俗称 猫 ， 最好 是 cable 3 .,3,6,3
745,pass 还 在吗 ？,0,1,1
746,因 搬到 furnished 公寓 带 了 家具 ， 出售 自用 家具 。,2,5,3
747,搬家 出售 一 张 木质 书桌 ， 有 三 个 大 抽屉 ， size : 43 .,13,15,2
748,guest parking 还 需要 permit 吗 ？,0,2,2
750,目前 住 有 两 名 访问 学者 ( 男生 ) ， 人 都 很 nice ， 平时 可 一起 出行 购物 ， 周末 一起 出游 娱乐 。,14,16,2
753,两 名 physics phd 男生 ， 行李 不多 ， 没有 什么 家具 ， 一切 都 好 商量 ， 希望 有 多余 房间 的 同学 能 提供 一下 住处 。,2,4,2
754,可以 一起 租车 开 回来 或者 有偿 求 ride ， 可以 帮忙 开 。,8,9,1
755,因 本人 的 新 lease 8 .,4,6,2
756,接下来 amex 会 email 给 你 一 个 电话 号码 ， 打 过去 之后 把 你 的 护照 号 报 上去 就 可以 了 。,5,4,1
757,我 找 了 很久 floor plan ， 但是 真的 真的 没有 找到 。,4,7,3
758,要求 ： graduate student 及 以上 优先 。,2,3,1
759,undergraduate 学生 能 满足 物业 条件 也 可以 。,0,1,1
760,lease 8/1 开始 到 明年 7/31 一 年 。,0,2,2
762,lease 是 单独 签 这 一 间 卧室 ， 不 跟 别人 搅和 。,0,2,2
763,卧室 里 配 的 是 queen size 的 床 （ 相当于 国内 1 .,5,3,2
764,啊 勘误 ， queen size 的 床 是 一 米 五 的 ！,3,7,4
765,第二 年 开始 ， 是否 继续 ta 要 看 导师 有 没 有 funding 给 你 付 工资 和 学费 ， 很少 有 五 年 都 ta 的 人 ， 也 很 少 有 五 年 都 ra 的 人,6,8,2
767,floor plan 如下 ：,0,2,2
768,要求 爱 干净 ， 不 要 party prince ， 不 养 宠物 。,1,4,3
770,房子 到 bus 站 一 分钟 就 能 走到 ， 去 学校 非常 方便 ；,2,3,1
771,具体 lease 时间 2017 .,1,3,2
772,女生 phd ， 请 问 房子 还 可以 租 吗 ？,1,3,2
773,里程数 ： 60，000 mile 左右 。,3,4,1
775,有偿 求 ride ， 可以 一起 租车 走 ！,2,4,2
776,求 ride ， 非常 感谢,1,3,2
777,再者 waiver 填 表格 麻烦 吗 ？,1,2,1
778,如 标题 ， 求 几 天 短 租用 来 寻 个 住处 在 我 两 个 房屋 lease 之间 过渡 。,17,19,2
780,价格 8200$ ， cash only ， 当天 办理 title 转让 手续 。,3,7,4
781,office 人 很 好 。,0,3,3
782,出租 的 房间 是 二 层 两 个 bedroom 其中 的 一 间 。,8,9,1
783,顺便 说 ： office 的 人 很 nice 的 ～,3,5,2
784,hi 同学 ， 你 找到 ride 了 吗 ？,1,2,1
786,更新 ： 已经 决定 坐 bus 了 ， 谢谢 大家 ！,5,6,1
787,本人 男 ， 在 读 phd ， 对 具体 的 房间 没有 要求 ， 床 和 桌子 我 自己 也 可以 带 过去 ， 所以 只 希望 有 个 能 睡觉 的 房间 就 好 。,5,7,2
788,hi ， 如 题 ， 往返 boston ， 6 .,0,9,9
791,两 层 ， 五 个 卧室 ， 两 个 full 卫生间 ( 都 有 浴缸 ) 。,9,11,2
792,group lease 可以 优惠 。,0,4,4
794,update : 已 出租 至 九月 末 。,0,2,2
795,小区 门口 就 有 bus ， 却 学校 方便 。,4,6,2
796,方便 提供 ride 的 同学 ， 请 联系 电话 pn-6 ， 感谢 ！,2,3,1
797,二 楼 living room （ 带 一 个 卫生间 ） ， kitchen ， dining room 。,2,4,2
798,college court 一 室 一 厅 ， 家具 ， 水 ， 电 ， 网 ， 全 包 ： $690 / month ， 六月 中旬 拎包 入住 。,20,2,2
799,小区 有 自己 的 住户 网站 ， 所有 request 都 可以 在 网上 完成 ， 或者 打 电话 。,8,18,10
800,入住 时间 是 年 ， lease 的 期限 是 一 年 到 。,5,7,2
803,要求 安静 ， 安静 ， 安静 不 开 party ， 干净 。,8,10,2
804,house 和 apartment 都 可以 。,0,3,3
805,queen size 床 一 个 。,0,4,4
807,租房 时 没 注意 ， 发现 orientation 比 lease 要 早 一 周 ， 所以 找 一 个 带 独立 卫浴 的 房间 过渡 这 一 周 。,6,8,2
808,一 楼 living room ， kitchen ， dining room ， 一 个 卫生间 .,2,7,5
810,目前 针对 学生 需要 打包 用 的 箱子 全部 free 哦 ！,9,10,1
811,如果 我 签 一 年 的 合同 ， 是 和 你 签 还是 和 officer 签 。,14,2,1
812,提供 ride ， 5 .,1,3,2
813,安静 、 不 开 party 、 作息 规律 。,4,6,2
814,求 ride 去 纽约 ！,1,2,1
815,全新 lease 8/5/2017-7/31/2018 。,1,3,2
816,所以 这些 东西 全部 都 送给 要 续签 这个 lease 的 人 。,9,11,2
818,房间 很 大 ， 每 个 人 独立 的 bedroom 和 bathroom ， utility 基本 全 包 ， furnished ， 免费 停车 。,9,10,1
819,king size 的 床 。,0,1,1
822,house 三 层 ， 三 卧室 ， 独立 卫生间 ， 短 租 一 楼 楼 卧室 。,0,1,1
824,update : 小 暖气 、 小 桌子 、 椅子 、 落地 灯 已 出 欢迎 询问 其他 ， 家具 都 非常 新 ， 性价比 高 ， 基本 都 半价 及 半价 以下 出售 。,0,2,2
825,fully furnished studio ， 基本 家具 都 用 ， 水电 网络 电视 cable + 日常 维修 等等 全 包 。,1,5,4
826,洗衣房 在 同 一 幢 building 里面 ， $1 .,5,6,1
827,送 brother 无线 打印机 一 台 。,1,2,1
829,两 间 房 share 一 个 洗手间 ， 四 人 share 厨房 和 公共 空间 。,3,4,1
830,不 需要 签 麻烦 的 lease ， 拎包 入住 ！,5,8,3
834,本 房 较 新 ， 位 于 三 楼 ， 是 四 人间 apartment 其中 一 间 。,13,15,2
835,如果 您 有心 想 签 这个 lease ， 可以 联系 我 em@25,6,9,3
836,你 是 不 是 还在 为 summer 找 不 到 房子 而 发愁 ？,6,7,1
839,去 做 inspection 的 时候 ， 记得 说 明白 ， 是 做 mechanical inspection ， 不 是 安全 和 尾气 检查,0,2,2
844,我 在 做 一 个 project 需要 interview 一 个 interpreter 。,5,6,1
845,房间 内 包含 queen size 床 ， 所有 必须 家电 ， 厨房 。,3,16,13
847,可以 email 联系 ： em@28,1,2,1
848,email 联系 。,0,1,1
850,目前 住 有 两 名 访问 学者 ( 男生 ) ， 人 都 很 nice ， 安静 。,14,16,2
851,我 是 第一 车主 ， 车 还 在 warranty 期内 。,8,9,1
852,the park 的 所有 公寓 都 是 full furnished ， 所有 家具 家电 齐全 并且 不 需要 额外 支付 上网 费用 。,7,2,2
853,本人 今年 夏天 毕业 所以 去年 签 的 lease 就 没法 用 了 。,8,10,2
855,apartment 小区 是 距离 penn state,0,1,1
856,房子 后面 有 个 deck ， 夏天 可以 烧烤 。,4,7,3
857,我 也 想 找 fall 一 个 学期 的,4,5,1
859,小区 安静 ， 无 party ， 十分 安全 。,4,6,2
861,一般来说 moderate accident 以上 的 就是 比较 严重 的 了 。,1,3,2
862,forest apartment 小区 是 state,4,2,2
864,走路 去 学校 15-18 min ， 然后 坐 校园 环线 可 方便 到达 校园 任何 地方 。,4,6,2
865,两 人 都 是 phd （ ee 和 ie 专业 ） ， 人 非常 nice 。,9,8,2
867,有 ride 话 ， 麻烦 请 联系 tan em@31,1,2,1
868,rt 一 个 bedroom 或者 两 个 bedroom 都 可以 ， 最好 有 两 个 床 可以 容纳 下 三 个 人 。,3,1,1
870,人 很 nice ， 不 开 party 。,2,4,2
872,有 兴趣 可 email 至 em@32,3,4,1
873,业务 有 房地产 广告 设计 包装 ， building technology ， 房地产 保险 评估 以及 施工 管理 技术 咨询 ， 承接 外包 业务 。,7,2,2
874,bus 直接 开进 小区 里面 。,0,1,1
875,茶几 ( size : 19 .,2,4,2
877,imperial towers 的 房东 会 在 新房 客 搬入 之前 做 inspection ， 可以 保证 房间 的 干净 整洁 ， 而且 平时 修理 非常 及时 。,11,2,2
879,college 最 大 的 健身 中心 ymca ， 提供 各 种 健身 器械 和 游泳 、 攀岩 、 舞蹈 、 篮球 等 场地 。,0,1,1
880,小区 后面 一路 之 隔 就 是 村里 的 high school ， 同时 有 运动场 等 方便 运动 。,9,11,2
883,clean tittle ， 无 事故 记录 车 。,0,2,2
884,新 att 无 合约 手机 ， 求 加 一 个 family plan ， 有 空位 的 holder 请 联系 em@40,9,1,1
885,因为 是 新 签 的 lease ， 屋子 里 的 地毯 都 是 全新 的 。,5,8,3
886,office 的 人 态度 都 挺 好 的 。,0,1,1
887,需要 share 卫生间 。,1,2,1
888,请问 下 ride for five 还 有 吗 ？,0,3,3
890,pass ( 可以 乘坐,0,2,2
891,整个 apartment 还 非常 新 ， 去年 新造 的 一 栋 。,1,2,1
894,房租 合同 包 buss pass 和 网络 ， 不 包 水电 。,2,4,2
895,求 ride 去 newark 机场 ！,1,2,1
896,lease 什么 时候 到 什么 时候 的 ？,0,1,1
897,lease 从 2017-7 月 开始 。,0,1,1
898,小区 附近 有 几 个 大型 超市 ， 比较 方便 ， 而且 没有 party ， 很 清静 。,13,15,2
899,因为 有 baby ， 所以 额外 注意 环境 卫生 。,2,4,2
901,之前 把 title 理解 错 了 title 的 名字 是 我,2,3,1
903,cable 是 免费 的 。,0,1,1
904,apartment 是 四 室 两 卫 ， 在 第一 层 ， 不用 爬 楼梯 ， 距离 bus stop 只要 1-2 分钟 。,0,1,1
905,如果 有 想要 看看 apartment 的 可以 联系 我 。,4,5,1
909,pass ， 我 租 了 别人 的 bus,0,2,2
910,pass 每 月 $35 ，,0,1,1
911,如有 意向 ， 请 email 联系 ： em@49,4,5,1
913,二 楼 有 一 个 share 的 卫生间 + 浴室 。,5,6,1
916,一 个 american 一 个 black 。,2,3,1
918,router 已 卖,0,1,1
919,无 事故 记录 ， clean title ， 按时 保养 。,4,8,4
921,可以 为 你 提供 mock interview 和 内推 。,4,6,2
922,公寓 离 bus stop 稍 远 但 环境 安静 绝 不 会 吵闹 。,2,4,2
923,yellow ， 包 很 轻 ， 很 新 。,0,2,2
924,居住 情况 ： 有 衣帽间 ， 两 人 share 一 个 卫生间 。,8,10,2
925,卧室 里 带有 十分 宽敞 的 独立 卫浴 ， 以及 walk in closet ， 十分 适合 女生 。,10,3,3
928,本 帖 由 更新 ， 毕业 甩卖 ， 准备 搞 一 个 garage sale ， 请 大家 多多 关注 。,12,15,3
929,如果 有 兴趣 ， 请 留言 ， 我 分别 告诉 大家 garage sale 的 地址 。,11,13,2
930,学校 计算机 lab 同款 。,2,3,1
931,本人 为 at&t family plan 的 holder ， 邀请 新 成员 加入 。,3,5,2
932,房间 是 三 楼 ， 最 大 的 那 间 ～～～一 人 住 或 couple 住 都 相当 合适 ！,14,12,1
933,lease 是 到 明年 八月 的,0,1,1
934,驾照 permit 已经 拿到 了 ， 求 老 司机 带 一下 ， 自己 没有 车 。,1,2,1
935,因 搬家 变成 full size 床 不 能 再 用 。,3,5,2
937,有 人 要 加入 family plan 吗 ？,4,6,2
938,需要 注意 的 是 ， 要 与 房东 签 lease ， 一般 是 一 年 一 签 。,9,11,2
939,hello ， 房子 还 有 吗,0,3,3
941,至于 你 说 我 mean ， 我 只 能 说 你 太 贪心 。,4,3,1
942,请 问 lease 从 什么 时候 开始,2,3,1
943,phd 新生 ， 男 ， 有意 lease 请 问 房租 如何 ？,6,1,1
944,can you send me pictures of 厨具 （ 全新 的 ） ?,0,5,5
946,如有 需要 请 尽快 email 我 ， 谢谢 ！,4,6,2
947,hello 请 问 房间 还 有 吗,0,7,7
949,可以 email 联系 吗 ?,1,3,2
950,最近 两 三 天 有 人 去 纽约 jfk 机场 吗 ？,8,9,1
951,部分 物品 已 出 ， 请 看 更新 的 list ， 谢谢 ！,9,11,2
952,非常 适合 couple 使用 。,2,3,1
953,本人 huck institute of life science 的 学生 ， 专业 是 biotechnology 。,11,6,5
954,两 层 house 上下 各 有 一 间 卫生间 。,2,3,1
955,可以 一起 租车 ， 换 着 开 ， share 费用 。,8,10,2
956,prefer 短信 先 。,0,2,2
957,亲 ， 租金 和 utilities 怎么 算 的 呢 ？,4,5,1
959,二 楼 的 是 full bathroom ， 空间 比较 大 ， 一应俱全 。,4,7,3
962,hello ， 房间 已 出租 了 吗 ？,0,3,3
963,房子 里 基本 的 家具 都 有 （ 床 是 twin size 的 ） ， utility 全 包 。,10,3,2
964,但 地下室 有 一 个 full bath 可以 使用 ， 不 会 有 冲突 。,5,7,2
965,快要 回去 了 ， 转让 meal plan 十 次 午餐 卡 。,5,7,2
966,因为 是 单独 一 层 ， 有 独立 卫生间 ， 所以 应该 是 男女 都 可以 住 ， 但 prefer 男生 。,19,21,2
967,没有 party ， 不 会 打扰 你 。,1,3,2
968,有意 ， 本人 phd 新生 ， 性格 不 爱 折腾 ， 无 不良 嗜好 ， 有意 lease 。,16,4,1
969,完 了 以后 你 就 登录 ， 然后 选 【 access my clearances 】 ， 【 create clearance application 】 然后 根据 要求 再 填 一 大 堆 信息 ， 然后 网上 付款 。,10,7,6
970,fee 里面 （ 只 用 交 一 次 ） 周边 环境 ： 离 公交 车站 近 。,0,1,1
971,master of liberal arts 都 适用 。,0,2,2
973,有 自己 独立 的 卫生间 ， 只 需 share 浴室 。,8,10,2
974,一起 新 签 lease ， 自己 顶 一下,3,5,2
975,hello ， 请 问 有 没 有 需要 出售 二手 自行车 的 ？,0,3,3
977,老 电视 free （ 买 其他 东西 的 时候 送 ） 8 .,2,4,2
981,oak hill 是 属于 cooper beech 的 房产 ， 三 层 三 个 卧室 的 house ， 小区 环境 很 美 ， 房间 超大 。,14,1,2
982,问 了 office 没有 整套 空房 了 。,2,3,1
983,房子 面积 较 大 ， 有 1700+ square feet ， 一共 分为 三 层 。,8,10,2
984,因为 我 真的 是 有 事情 必须 去 一 趟 加拿大 办理 ， 所以 希望 能够 成功 办理 到 visa ， 再次 感谢 了 。,19,21,2
985,可 share 油 费 等 。,1,6,5
986,两 个 车位 ， 一 个 reserved 车位 。,6,2,1
989,可以 一起 租车 去 ， 轮流 开车 ， share 费用 有意 请 联系 em@83,8,9,1
990,求带 ， 两 个 人 ， share 各 种 费用 。,6,8,2
991,这个 house 一 楼 有 三 个 房间 ， 有 一 间 大 房间 是 有 独立 卫生间 的 ， 其余 两 间 房间 共 享 一 个 卫生间 。,1,2,1
992,朋友 是 phd ， 讲究 个人 卫生 ， 不 打扰 别人 ， 平时 大部分 时间 在 实验室 。,2,4,2
993,小巧 方便 ， ask for $57 .,3,6,3
994,有 去 jfk 的 我 也 可以 绕 一下 。,2,3,1
995,所以 不用 担心 被 邻居 报警 或者 周围 开 party 太 吵 。,9,10,1
996,学校 保险 能 cover 这 部分 费用 吗 ？,3,4,1
997,能 ， 但是 cover 不 cover 我 忘了 。,3,4,1
998,lease 是 从 八月 开始 。,0,1,1
999,房租 是 所有 utility 都 cover 的,3,4,1
1000,带 厨房 和 卫生间 （ 可 share ） ， 有 冰箱 。,6,10,4
1004,没有 去 jfk 机场 的 直达 shuttle 吗 ？,2,3,1
1005,这 两 组 都 想 找 studio 或 one-bedroom 。,6,8,2
1006,因为 有 孩子 ， shared 的 可能 比较 不 合适 。,4,6,2
1007,office 很 专业 也 很 nice 。,0,1,1
1008,在家 就 可 打印 各 种 final 考试 资料 。,6,7,1
1009,同时 住 的 安静 ， 不 想 social 也 可以 过 一 个 安静 祥和 的 暑假 。,7,8,1
1010,车 保养 得 很 好 ， 没有 出 过 什么 问题 ， 处于 good condition 与 very good condition 之间 。,13,15,2
1011,求 明天 早上 去 jfk 的 ride 。,4,5,1
1013,房东人 很 nice ， 有 任何 问题 维护 及时 。,2,4,2
1014,我们 房间 里 有 一些 家具 ， 因为 会 搬到 furnished 的 房子 ， 可以 商量 留 一 部分 给 新 租户 。,10,12,2
1016,sorry ， 忘 了 留 联系 方式 了 ， pn-18,0,2,2
1017,hello ， 我 也 打算 过去 呢 ， 女生 一 枚 ~,0,3,3
1019,title 干净 ， 零 事故 。,0,1,1
1020,lease 具体 什么 时候 开始 啊,0,1,1
1021,utility 四 人 分摊 包括 ： 电 ， 气 ， 网 。,0,1,1
1023,从不 在 家里 开 party ， 偶尔 可能 会 邀请 二三 好友 来 家里 吃饭 ， 但 一定 会 提前 告知 你 并且 获得 你 的 同意 。,4,6,2
1024,房间 仍然 available ， 欢迎 各 种 咨询 ~ ~,2,5,3
1025,oil tank 位 于 房子 地下室 。,0,5,5
1026,距离 campus 非常 近 !,1,2,1
1027,无线 路由器 是 cable modem 么 ？,3,6,3
1028,update 啦 ， 暑期 出租 ， 欢迎 联系 。,0,1,1
1029,房屋 lease 八月 中旬 开始 ， 也 可 视 具体 情况 灵活 调整 。,1,2,1
1030,office 会 负责 打扫 干净 （ 包括 地毯 等等 ） ， 不用 担心 卫生 问题 。,0,1,1
1031,office 人 也 很 nice 。,0,5,5
1032,有 需要 的 请 联系 我 ， 只 提供 从 jfk 走的 。,10,14,4
1033,furnished ， 已 有 大多数 家具 （ 包括 书桌 ， 柜子 ， 床 ， 电视 ， 等等 ） ， 可以 即刻 拎包 入住 ， 也 可 搬家 具 入住 。,0,3,3
1034,平时 安静 ， 不 开 party ， 大部分 时间 都 在 实验室 。,5,7,2
1035,就 这么 说 吧 ， 我 一 进 卫生间 整个 block 都 知道 我 在 上 厕所 ， 那个 声音 简直 和 拖拉机 一样 ， 毫不 夸张 。,10,11,1
1036,因为 楼主 的 车 在 final week 被 拖 了 三 次 ！,5,7,2
1037,在 final week 被 拖 了 三 次 ！,1,3,2
1040,楼 主 如果 没有 办 permit 为什么 不 停 visitor parking 呢 。,5,6,1
1041,若 有 人 担心 厕所 要 share ， 其实 这 并不 是 问题 ！,6,9,3
1042,sorry ， 不 是 女生 。,0,2,2
1043,如果 只 想 从 august 开始 租 也 可以 的 ~ ~ 房子 很 干净 整洁 ， 欢迎 参观,4,5,1
1044,顺便 gym 跑步 的 distance 的 单位 是 公里 还是 迈 ？,1,2,1
1045,gym 算 mile,0,1,1
1046,moving sale 结束 ！,0,2,2
1047,项目 、 funding 什么 的 还没 和 教授 谈 。,2,3,1
1048,欢迎 电话 或者 email 咨询 。,3,5,2
1049,有 兴趣 email 至 em@32,2,3,1
1050,sam's club 的 后面 ， 对 ， 就是 mall 那里 ， 买 东西 非常 的 方便 而且 高速 就 在 旁边 。,8,2,2
1051,感兴趣 的 同学 请 email 我 ： zhengxin .,4,6,2
1052,停车 免费 ， guest parking 也 是 免费 。,3,5,2
1053,请 问 lease 到 几 月,2,3,1
1054,之前 看到 有 贴 大家 说 state id 就 可以 是 penn state id 吗 ？,6,8,2
1055,ps ： 记得 车 要 以 最好 是 gift 或者 尽量 少 点 金额 上报 给 officer ， 这样 可以 少 点 税 ， 税率 是 6% 。,0,2,2
1056,prefer 女生 ， 因为 我 是 女生 = = 。,0,2,2
1057,丰富 你 的 简历 ， 充实 课余 生活 ， leadership ， skills ， creativity ， 跟 我们 一起 嗨 爆 起来 ！,9,16,7
1058,可以 的 ， 只要 有 state id 就 可以,5,7,2
1059,对 ， 任何 dealer 那儿 都 可以 。,3,4,1
1060,有 state id 就 可以 。,1,3,2
1063,房子 离 club house 很 近 ， 去 车站 也 很 方便 。,2,8,6
1064,可以 一直 居住 ， 没有 lease 问题 ！,5,6,1
1065,我俩 是 情侣 出游 ， 人 很 nice ， 能 聊 能 kan 。,7,9,2
1066,房子 安静 ， 地段 好 ， 离 主要 grocery shopping 近 。,8,10,2
1067,all in perfect condition ， 价钱 可以 商量,0,6,6
1068,learner's permit 车辆 保险 证明 车辆 的 registration card 同行 需要 一 位 有 驾照 的 人 （ 和 他 的 驾照 ） 其实 这些 在 learner's permit 上 都 写 着 。,0,2,2
1069,照片 不 能 显示 ， 需要 的 短信 或者 email 我,9,11,2
1070,目前 楼主 正在 email 沟通 中 ， 法律 最后 吧 .,3,5,2
1071,居住 前期 的 物业 ， 一般 设施 坏 了 会 修理 ， 不 会 charge 你 。,14,15,1
1072,我 觉得 他们 就是 看 我们 毕业 要 回国 了 ， 不 会 再 回来 和 他们 argue ， 才 如此 得意 的 乱 罚款 ！,17,19,2
1073,hello 给 你 发 邮件 了,0,2,2
1074,今年 的 activity fee 我 已经 交 过 了 不 会 再 收 你 的 了 ！,2,4,2
1075,可以 一直 住 ， 没有 lease 的 问题 。,5,6,1
1078,富有 责任心 现在 就 申请 请 发送 你 的 resume 至 em@111,9,10,1
1079,我 可以 帮忙 share 费用 。,3,5,2
1080,今天 随手 一 试 发现 code 能用 ， 真是 意外 惊喜 。,5,6,1
1081,很 好 的 deal ， 有 兴趣 的 朋友 不 要 错过 。,3,7,4
1082,不如 去 抢 吧 ~ ~ 我 不 会 卖 dealer 吗 ~~~,10,11,1
1083,如果 有 价格 合适 的 studio 也 请 联系 楼 主 哦 ， 邮箱 em@117,5,6,1
1084,email 联系 了 您 ， 请 查收 ， 谢谢 。,0,2,2
1085,是 一 个 三 层 独立 house ， 房间 位于 二 楼 ， 一 层 为 厨房 和 客厅 。,6,8,2
1087,还 需要 ride for five 吗 ？,2,7,5
1088,大家 有 这 方面 的 商家 信息 ， 可以 share 啊 。,9,11,2
1089,通过 refer 获得 的 信用卡 ， 比 自己 申请 难度 小 一些 。,1,2,1
1090,做 examination 的 目的 也 是 配 眼镜 。,1,2,1
1091,求 当日 去 jfk 的 ride 。,3,4,1
1093,当时 bid 的 结果 相当于 原价 的 66% 。,1,2,1
1094,office 属于 apartment store ， 很 专业 也 很 nice 。,0,1,1
1095,应该 是 符合 了 官 网 申请 ride for five 的 要求 。,7,10,3
1096,新人 报道 ， 如何 加入 羽毛球 和 乒乓球 俱乐部 的 email list ， 这样 就 可以 知道 什么 时候 大家 一起 活动 了 ？,10,13,3
1097,各个 卧室 都 不 share 墙 ， 互 不 打扰 ！,4,6,2
1098,其他 的 utility 也 都 是 包含 的 ， 不用 额 外交 ， 比如 sewer 。,2,3,1
1099,那 还 需要 ineligible letter 吗 ？,3,6,3
1101,或者 附近 有 没 公寓 ， 可以 免费 overnight parking 的 啊 ？,8,10,2
1102,我 赶 时间 直接 去 机场 ， 所以 到 市区 的 我 只 能 中途 把 你 放到 mall 或者 其他 公交 进城 方便 的 地方 。,18,20,2
1103,在 “ 参考 思路 ” 中 ， 我们 已经 为 大家 列出 了 从 不同 stakeholders 的 角度 ， 为什么 此 项 政策 是 有意义 的 ， 欢迎 大家 参考 。,15,17,2
1104,希望 是 studio ， 或是 one bedroom .,2,4,2
1105,校 医院 有 专门 针对 抑郁 情绪 的 心理 辅导 ， 保险 cover 的,12,7,1
1107,如 有 available ， 请 邮箱 联系 em@121,0,3,3
1108,欢迎 email 咨询 ： em@123,1,2,1
1109,firestone 贵 于 其他 ， 但是 给 免费 transportation ( 出租 ) 。,0,12,12
1111,如果 你 能 看到 这个 post 就 说明 房间 还 available,5,6,1
1112,pictures 请 联系 pn-23,0,1,1
1113,有意 spring 开始 租 ， 房子 具体 信息 时 什么,1,2,1
1114,提 你 是 在 bbs 上 看到 的 帖子 还有 额外 优惠 哦 。,4,5,1
1115,这 就 需要 另外 的 trick 去 开 免费 的 savings 账户 了 。,5,6,1
1116,所以 即使 可以 有 两 个 permit ， 我 的 车 也 不 能 用 。,6,8,2
1117,因为 我们 将 会 break lease ， 所以 你 （ 们 ） 将 直接 和 park crest 签订 合同 ， 租约 将 从 十一月 开始 ， 但是 实际 入住 时间 可以 协调 前后 几 天 。,4,7,3
1118,因为 要 share 浴室 ， 所以 女生 会 方便 很多 。,2,4,2
1119,visa 过期 只 会 让 你 无法 入境 但 不 影响 出境 ， 考试 只要 你 护照 没 过期 就 可以 了 ， 不用 担心 ！,0,1,1
1120,房子 是 fully furnished ， 可以 拎包 入住 ， 而且 家具 都 比较 新 。,2,6,4
1121,prefer 女生 。,0,2,2
1122,因为 我们 将 会 break lease ， 所以 你 （ 们 ） 将 直接 和 park crest 签订 合同 ， 租约 将 从 十一月 开始 。,4,7,3
1124,在 park 分校,1,2,1
1125,因为 share 卫生间 问题 ， 限 男生 一 名 。,1,3,2
1127,没有 powered door lock ， 没有 powered window .,1,4,3
1128,family plan 缺 人 的 可以 加 我 哈 ！,0,2,2
1129,放在 toilet 洗 衣服 很 方便 。,1,7,6
1130,只 知道 韩国 留学生 有组织 tennis club ， 听说 也 有 中国 的 ， 有 人 知道 活动 时间 或者 联系 方式 吗 。,5,8,3
1131,seek tennis 网球 陪练 老师 ， 教 儿童 学员 if you are interested ， please contact em@139,0,1,1
1132,preferred 通讯 方式 是 em@144,0,1,1
1133,hello 大家 好 ！,0,2,2
1134,我 有 一 个 非常 nice 的 美国 朋友 ， 是 专门 教 英语 的 私人 教师 。,5,6,1
1136,附近 比较 好 的 dealer 在 你 可以 google 一下 ： blue knob ， 村里 local 的 dealer 不如 他们 家 （ 个人 感觉 ）,4,5,1
1137,可以 啊 ， 联系 我 ， 可以 email 我,7,4,1
1138,我们 是 一 对 couple ， 方便 出租 吗 ？,4,6,2
1141,me too ， 也 有 人 给 我 发 网址 。,0,1,1
1142,你 看 过 有 多少 比例 是 excellent 吗 ？,7,8,1
1143,现 at&t family plan 空余 两 条 线 。,2,4,2
1145,可以 询问 下 applied linguistics 的 老师 和 同学 ， 留心 广告,3,5,2
1146,四 层 小书 架 small book case $83 .,2,9,7
1147,不管 哪种 都 需 去 office 申请 和 签 lease 。,5,7,2
1148,房间 还 是 available 的,1,4,3
1149,客服 很 nice ， 丢 单 必 补 ， 从不 赖账 ；,2,4,2
1150,因为 是 resident house ， 房子 周边 非常 安静 。,2,5,3
1151,是 在 学校 可以 办理 还是 需要 去 某 一些 office ， 可以 网上 办理 吗 ？,10,3,1
1152,同时 也 欢迎 拿 gre 备考 资料 来 交换 。,4,8,4
1153,物业 非常 nice ， 维修 非常 及时 。,2,4,2
1154,本人 有 king size 床 和 twin 床 各 一 套 ， 需要 可以 联系 我 ， em@160,2,4,2
1155,另外 ， 本人 作息 规律 ， 不 会 开 party ， 无 不良 嗜好 ， 人 非常 好 相处,9,18,9
1156,虽然 是 mini washer ， 但是 日常 衣物 洗 起来 都 毫 无 压力 。,2,5,3
1158,必需 要 能 工作 later night 和 大部分 橄榄球 周末 。,4,5,1
1160,最好 是 couple ， 稳定 一点 的 那 种 。,2,4,2
1162,hello 我 回复 了 你 邮件 ， 不 知道 你 有 没 有 查收到 ？,0,2,2
1163,选择 standard shipping 即 可 免 运费 。,1,3,2
1164,hello 美女 。,0,2,2
1165,tag 过度 依赖 用户 的 自觉 ， 也 容易 重复 和 混乱 。,0,1,1
1166,hello ， 能 发 图片 看看 嘛 ？,0,3,3
1167,这 份 协议 里 不仅 包括 了 折扣 ， 还 包括 了 fee waiver ， 其中 包括 万 恶 的 激活 费 。,12,15,3
1169,只要 holder 是 employee 就 可以 ， 大家 可以 考虑 抱 大腿,1,3,2
1170,建议 先 考 permit ， 反正 只要 笔试 。,3,5,2
1171,可以 的 ~ 租车 的 时候 记得 带 着 passport 就好,7,9,2
1172,prefer 短信 。,0,2,2
1173,适合 size 娇小 的 女生 。,1,2,1
1176,你 好 ， 谢谢 你 的 信息 ， 奇怪 的 是 这个 bbs 竟然 没有 回复 别的 留言 的 功能 。,12,13,1
1177,可以 给 新 老生 提供 chase 的 信用卡 referral .,10,8,1
1178,本人 在 读 phd ， 女生 。,3,5,2
1180,具体 你 可以 短信 联系 我 （ pn-28 ） ， 因为 我 不 常 上 bbs 的 。,15,16,1
1181,moving sale 继续 ， 除 新鲜 蔬菜 外 所有 商品 有 额外 10% off 的 折扣 ， 并且 可 与 其它 折扣 叠加 。,0,2,2
1182,多少 mile 啊 ？,1,2,1
1183,近期 可以 尝试 一下 在 google 中 以 ［ 关键 字 site : bbs .,11,6,1
1186,有 没 有 box 呢 ？,3,4,1
1187,物品 的 availability 以 google drive 为准 ， 欢迎 询问 。,2,3,1
1189,最后 房间 的 cleaning fee 不 用 担心 ！,3,8,5
1190,prefer 女生 ， couple 也 可以,0,2,2
1191,最后 我 写信 问 的 结果 也 是 ‘ due to business decision ’ 这样 的 空话 。,9,13,4
1192,在线 的 live chat 基本 可以 解决 我 的 所有 问题,0,4,4
1193,house 送 两 个 免费 车位 ， lease 从 7 .,0,1,1
1194,帮 朋友 出租 ： 有 两 个 bedroom 两 个 全 bathroom 的 公寓 ， 位置 好 .,7,5,1
1195,我们 是 一 对 couple ， 都 在 penn state 读 phd 。,4,6,2
1196,所有 utility 我 都 会 交 ， ask for $450 / person / month .,1,2,1
1197,希望 同行 的 同学 能 share 一下 费用 。,5,7,2
1198,房间 描述 ： house 不 靠 马路 ， 非常 安静 。,3,4,1
1199,咨询 日期 和 价格 请 联系 ： pn-23 （ 短信 preferred ） ， 邮箱 em@190,10,13,3
1200,若 没有 人 买 ， 再 recycle 给 apple 公司 。,6,7,1
1201,全新 的 baby safety mirror ， 可以 看到 坐在 rear face seat 上 小孩 的 情况 ， $5 。,2,6,4
1202,小 蜡烛 一 盒 a box of little candles $2,2,8,6
1203,三 个 帽子 three hats $5 in total,0,8,8
1204,坐 几 站 bus 就 能 到 giant eagle ；,3,4,1
1205,blender ： 原价 $39 .,0,2,2
1206,出 闲置 ， 有 兴趣 请 email 联系,6,8,2
1207,车子 状况 非常 好 ， clean title ， 无 事故 ， 省心 省 油 。,5,8,3
1208,红色 ， 第一 任 车主 ， clean title ， 基本 配置 。,6,9,3
1211,clean title ， 随时 可 交 车,0,3,3
1213,无线 激光 打印机 brother 牌子 可以 复印 ， 扫描 ！,3,10,7
1215,写 paper 写 作业 必备 。,1,2,1
1216,hello 你 可以 直接 微 信 我 ， 我 发给 你 吗 ？,0,1,1
1218,平时 都 很 爱惜 车子 经常 保养 车主 不 吸烟 clean title 可 送 aux 线 手机 支架,10,12,2
1219,因 relocate 需要 ， 出手 小车 ~,1,2,1
1220,物品 condition 大部分 excellent to like new .,1,2,1
1222,front ， top ， bottom 都 有 dust filter ，,0,5,5
1223,对 您 的 tv stand 感兴趣 ， 请 提供 联系 方式 ， 我 的 联系 电话 pn-3 （ 杨 ） ， 谢谢 ！,3,6,3
1224,包含 ： 电 吉他 ， 音箱 ， cable ， 输入 3 .,7,9,2
1225,这 是 amazon 的 link,4,3,1
1226,今天 刚 做 的 inspection ， 去年 做 过 alignment ， 轮胎 刚 用 一 年 多 ， 很 新 。,4,6,2
1227,ask for $19500 （ 可 小刀 ）,0,6,6
1228,盒子 里 本身 两 个 游戏 ， 再 多 送 两 个 游戏 ， 很 适合 party 的 时候 大家 一起 玩 。,16,17,1
1229,king size 的,0,2,2
1230,clean title ， 从未 有 过 任何 事故 ， 车况 良好 ， 性能 稳定 ， 并 有 其他 附件 赠送 。,0,3,3
1231,两 个 car seater 都 出 了 ， 谢谢 关注 ！,2,4,2
1232,room essentials 风扇 。,0,3,3
1233,modem 和 wireless router 套餐 。,0,2,2
1234,发动机 强劲 smooth ， 驾驶 舒适 ， 视线 好 ， 跑 长途 毫无 问题 。,2,4,2
1235,我 刚刚 仔细 看 了 一下 空调 的 介绍 ， 这个 空调 好像 不 适合 standard window ， 如果 给 大家 造成 误导 ， 十分 抱歉 。,15,18,3
1237,thx 已 出,0,1,1
1238,或者 请 查看 word 附件 ～,3,4,1
1241,白板 [ size = 14 .,2,4,2
1243,所有 保养 ， inspection ， 换 轮胎 全 都 是 在 奔驰 dealer 做 的 。,3,5,2
1244,半 年 前 换 了 四 个 break rotors ， 和 两 个 front breaks ，,7,10,3
1245,最好 在 centre ， market district giant eagle 附近 。,0,6,6
1246,需要 自己 来 pick up ， 谢谢 ！,3,5,2
1248,顶上 的 mic 不 能 调节 方向 ， 但是 对 录音 效果 并 无 影响 ，,2,3,1
1251,今天 随手 一 试 发现 code 能用 ， 真是 意外 惊喜 。,5,6,1
1252,update : 依然 有效 ， 现在 $25 .,0,2,2
1253,平时 用 的 很 仔细 ， condition 很好 。,6,10,4
1255,选择 standard shipping 即 可 免 运费 。,1,7,6
1256,成色 不错 啊 ， 是 clean title 吗,5,7,2
1259,啊 不 好意思 我 已经 update 了 联系 方式 了,5,6,1
1261,精装 修 、 家具 全 、 free 无线 上网 !,6,7,1
1262,精装 修 家具 全 free 无线 上网 !,4,5,1
1265,欢迎 email 咨询,1,3,2
1266,门口 有 bus 到 中国 超市 ， 餐馆 和 downtown .,2,3,1
1267,house 一 楼 是 餐厅 客厅 和 厨房 二 楼 是 三 个 房间 share 卫生间 。,0,1,1
1268,四 个 房间 租金 分别 为 390 ， 420 ， 460 ， 490 usd / 月 。,13,16,3
1269,有 pet 可以 商量,1,2,1
1270,欢迎 email 联系 咨询 。,1,3,2
1271,如果 感 兴趣 ， 请 通过 email 联系 em@11,6,8,2
1272,house 共 两 个 卧室 ， 一 个 阁楼 。,0,1,1
1273,阁楼 有 一 个 living room 和 一 个 bedroom 。,4,5,1
1274,house 厨房 ， 厕所 宽敞 明亮 。,0,1,1
1275,本人 男 ， 今年 去 pitt 读 master ， 8 .,8,7,1
1276,要求 ： security deposit ， 爱 干净,2,4,2
1278,这时 living room 的 图片 ， 比 卧室 要 大 。,1,2,1
1279,户型 ： 一 楼 是 超大 living room ， dining room 及 厨房 ；,6,9,3
1280,二 楼 是 三 间 卧室 和 一 个 full 卫生间 ；,9,11,2
1282,room a $600 ( 双 人大 床 ） 已 租 ！,0,11,11
1283,update : 房间 皆 已 出租,0,2,2
1284,可以 直接 签 lease ， 无 押金 ， 需要 预付 第一 个 月 房租 。,3,5,2
1285,房子 介绍 ： 两 室 两 厅 ， 一 个 full bathroom ， 明亮 宽敞 ， 两 室 两 厅 房 ， 拎包 入住 。,10,13,3
1286,leasing office 就 在 lobby ， 员工 也 非常 好 ， 有 什么 问题 随时 可以 找 他们 沟通 解决 。,0,4,4
1287,环境 安静 ， apartments 评分 9 .,3,4,1
1288,［ 治安 ］ 附近 治安 好 ， 公寓 有 doorman ， 收发 快递 也 方便 。,9,11,2
1289,优点 ： 我 的 卧室 是 整 个 house 最 大 的 卧室 ， 两 扇 窗 采光 好 ， 冬天 暖气 也 很 足 ， 家具 齐全 ， 拎包 入住 ；,8,9,1
1290,房租 lease 到 7 .,1,2,1
1291,二 楼 是 三 间 卧室 和 一 个 full 的 卫生间 。,9,10,1
1294,房东 非常 nice ， 有 需要 和 修理 会 马上 处理 。,2,4,2
1295,联系 电话 or text ： 412-6518342 jane,2,5,3
1296,有 attached 车库 可 用 。,1,2,1
1297,安装 有 智能 panel ， 可以 远程 手机 调控 暖气 温度 和 开关 。,3,5,2
1298,【 车库 】 ： attached 车库 。,4,1,1
1300,main floor 格局 《 ——————————————————————————— 》 走廊,0,1,1
1302,小区 居民 是 学生 和 年轻 学者 ， 学校 的 shuttle 从 门前 经过 ， 而且 很多 。,10,12,2
1303,装修 好 的 single family house 在 forest hills ， 小区 环境 优美 ， 步行 3-5 分钟 有 两 个 公园 。,1,5,4
1304,rich neighborhood ， 非常 安全 ， 旁边 就 是 公园 ， 环境 很 好 很 安静 。,0,3,3
1306,apt 隶属 franklin west 旗下 ， 物业 管理 良好 ， 有 任何 问题 能 快速 免费 解决 。,0,1,1
1307,manager 非常 好 说话 ；,0,2,2
1309,大家 一起 share 厨房 。,2,4,2
1310,我 是 刚 毕业 没 多久 的 young professional ， 安静 好 相处 ， 会 居家 也 爱 出去 浪 。,7,10,3
1311,从 「 现在 」 开始 租 ， 直接 和 manager 签 合同 ！,9,12,3
1313,房子 共 三 层 ， 出租 的 是 二 楼 的 bedroom ， 二 楼 有 独立 厨房 和 卫生间 。,11,8,1
1314,房租 是 $500 ， 包 水电 暖 网 以及 你 能 想到 的 一切 ， 房东 夫妇 人 非常 nice ， 有 什么 问题 随时 可以 给 他们 打 电话 求助 。,19,21,2
1315,房子 离 frick park 仅 两 个 block ， 去 公园 里 运动 非常 方便 。,7,4,1
1316,免费 送 顶楼 view 和 顶楼 的 阳光 普照 !,3,4,1
1318,如有 需要 可 免费 提供 bedding set ， 餐具 厨具,5,8,3
1319,lobby 有 单独 的 放 快递 的 房间 ， 不 怕 包裹 丢失 ， 非常 贴心 。,0,1,1
1320,小区 环境 安静 ： 有 多 处 playground ， 很 适合 家庭 居住 。,7,9,2
1322,欢迎 text ， 不 能 时时 接 电话 。,1,3,2
1323,house 概况 ： 地上 两 层 、 地下 一 层 ；,0,3,3
1324,门口 有 bus 到 中国 店 等 。,2,3,1
1325,要求 ： security deposit ， 爱 整洁 ， 有 责任感,2,4,2
1326,prefer ： 研究生 或 博士生,0,2,2
1327,公寓 的 管理 非常 好 ， 有 一 个 doorman ， 每 天 出入 公寓 会 给 住户 开门 ！,9,11,2
1328,欢迎 感兴趣 的 妹子 联系 我 拿 floor plan 和 各 种 房子 图片 ~,7,8,1
1330,公寓 有 off street parking 且 允许 养 宠物 。,2,4,2
1332,可以 share 大部分 家用 电器 ， 厨房 用品 ， 家具 等 。,1,2,1
1334,apartment 网站 如下 ：,0,1,1
1338,公寓 有 免费 gym ， 门口 有 免费 停车场 。,3,5,2
1339,拎包 入住 ～ 关于 公寓 信息 就 不 用 多 说 了 吧 ， 那 是 相当 popular ， 相当 好 的 ~~~,17,16,1
1340,preferred 地点 ：,0,3,3
1341,最多 两 人 share 一 个 卫生间,3,4,1
1342,研究生 social work 入学 ， 过去 五 年 在 美国 中部 一 城市 学习 + 工作,1,3,2
1344,available 时间 是 5 .,0,1,1
1347,house 里面 的 一 个 客厅 ， 带 家具,0,3,3
1348,朋友 来 聚餐 ， 开 party 都 有 足够 空间 。,5,6,1
1349,下面 是 自己 对 这个 apartment 的 一些 总结 。,5,6,1
1351,有 车库 ， drive way parking 和 street parking 。,3,5,2
1352,位 于 trees hall 附近 ， 步行 至 trees hall 仅 三 分钟,0,4,4
1354,still available 价格 可以 商议,0,3,3
1355,有 一 个 fireplace ， 中央 空调 。,3,5,2
1356,apartment ， 两 室 一 厅 ， 出租 其中 一 间 卧室 。,0,2,2
1357,apartment 是 一 房 一 厅 ， 一 厨房 ， 一卫浴 。,0,1,1
1358,非常 适合 coupon 或者 一 个 人 ！,2,4,2
1359,现有 两 名 女生 居住 ， 一 名 匹 大 phd ， 另 一 名 匹 大 master ， 都 是 很 好 相处 的 女生 。,17,12,1
1360,apartment : 一 室 一 厅 。,0,2,2
1362,现有 两 匹 大 男生 ， 一 master 一 phd ， 很 好 相处 。,7,6,1
1364,pets 可以 商量 。,0,1,1
1367,周边 ： 附近 有 bar 和 餐厅 ， 还 有 小 超市 。,4,5,1
1368,房租 在 400-500 usd / 月,3,6,3
1369,有床 （ queen size ） 和 桌子 椅子 。,0,7,7
1370,并且 bus stop 的 位置 距离 公寓 只 需 四 分钟 的 时间 。,1,10,9
1372,maintece request 发出 一 两 天 内 就 会 有 人 来 修 。,0,2,2
1376,周边 ： 生活 便利 ， 附近 有 bar 和 餐厅 ， 还 有 小 超市 。,7,8,1
1378,walnut street 上面 的 小店 和 bar 也 不错 ；,6,2,1
1379,楼道 也 每 天 有 management 打扫 ， 维护 ~,5,6,1
1380,apartment 里 有 很多 国人 留学生 ～,0,1,1
1381,卧室 在 house 二 楼 。,2,5,3
1382,( prefer 短信 ),1,3,2
1383,干净 一 居室 的 apartment 出租 ，,4,5,1
1384,house 里面 的 一 个 卧室,0,3,3
1385,house 里面 的 一 个 客厅,0,3,3
1386,floor plan 见 ：,0,1,1
1387,update 联系 方式 ： em@29,0,1,1
1388,single house : 房子 宽敞 明亮 !,0,3,3
1390,厨房 卫生间 ： 可能 与 另 一 个 房间 的 人 share ， 另 一 个 房间 是 女生 ， 匹 大学生 ， 人 很 nice ， 很 爱 干净 。,11,5,1
1391,房间 位 于 house 三 层 楼 的 第三 层 。,1,4,3
1392,up up 房子 依然 available,3,1,2
1393,近 学校 shuttle 站 。,2,5,3
1394,有 车库 ， drive way 也 可以 停车,3,4,1
1395,single house : 全新 装修 ！,0,3,3
1396,lease 可以 从 八月 一日 起 一 年,0,1,1
1397,匹 大 房产 college gardens 两 室 两 卫 的 apartment 。,10,5,2
1399,manager 联系 方式 ：,0,1,1
1401,具体 email 沟通 em@35,1,3,2
1402,apartment 周边 环境 安静 ， 治安 也 比较 好 。,0,1,1
1403,这个 studio 在 三 楼 ， 也 不 面向 大 马路 ， 不 吵 ， 很 安静 。,1,2,1
1406,house 远离 主要 干道 ， 夜间 安静 保证 睡眠 质量 高 。,0,3,3
1408,conditions : 三 层 house 里面 最 大 的 一 间 卧室 。,0,2,2
1410,两 位 非常 nice 的 男生 ， 分别 为 pitt 和 duquesne 研究生 。,3,4,1
1411,别 说 自己 没 天赋 ， have fun 不 需要 天赋 !,6,7,1
1412,female only ， 有意 请 联系 我 。,0,3,3
1413,phone : pn-18 请 短信 ( prefer ),6,2,2
1414,首先 是 容易 找到 month to month 的 一 月 付 房租 。,4,7,3
1415,访 学 的 同学 没 听说 谁 不 签 一 年 lease 就 找 不 到 房子 住 马路 的 。,11,12,1
1416,另 所 有 utility 全 包 。,1,3,2
1417,相当于 免 了 半 个 月 的 房租 ~ 包 水 和 trash ， 免费 停车,12,14,2
1418,非常 方便 ， center 上 就 有 个 giant eagle .,3,4,1
1419,非常 适合 读 summer 但 没有 宿舍 住 的 匹 大学生 和 初 到 匹兹堡 的 任何 学者 ！,3,5,2
1421,apartment 是 一 个 house 的 第二 层 ， 一共 有 三 层,0,1,1
1424,垃圾 有 人 每天 清理 ， 相 比较 住 house 简直 省 时 省力 。,9,12,3
1427,important ] 咨询,0,2,2
1428,我 这 件 卧室 大小 是 大概 可以 放下 两 张 king size 的 床 。,11,15,4
1429,匹兹堡 apartment 卧室 招租 - 限 女生,1,2,1
1432,也 有 校园 shuttle 停 靠 站 。,3,8,5
1433,house 中 的 一 个 最大 房间 ， 租金 为 ： 399$ / 月 。,0,3,3
1434,平时 非常 安静 ， 也 很 少 有 人 干扰 ， 基本 没 人 会 在 这里 开 party 什么 的 ， 非常 适合 学习 。,18,19,1
1435,社区 ： squirrel hill ， 3-9 分钟 步行 可 达 bus stop,11,13,2
1437,每 个 bedroom 里 还 有 两 层 ， 是 个 loft 的 感觉 ， 很 大 。,0,2,2
1438,含 一 个 outdoor parking 固定 车位 ， 不 需要 抢 。,3,5,2
1439,两 个 walk-in closet 非常 宽敞 。,2,4,2
1441,由于 本人 下 学期 要 study abroad ， 现在 需要 将 apartment 从 12 .,5,8,3
1443,要 去 tower 洗 衣服,2,3,1
1444,一 个 studio （ 独立 卫生间 ， 一 个 大厅 包括 厨房 ） 。,2,4,2
1445,这个 apt 非常 好 ， 可能 整个 匹兹堡 都 找 不 到 这么 便宜 的 apt 了 。,1,2,1
1447,出门 一 分钟 到 centre 和 craig 路口 。,4,5,1
1448,刚 装修 过 的 新房 ， 有 back yard ， deck 等,7,11,4
1450,欢迎 email 或者 电话 咨询 信息 照片,1,3,2
1451,松鼠山 有 很多 restaurant ， 吃饭 不 发愁 。,3,5,2
1452,距离 giant eagle 只 有 一 个 block ， 购物 方便 。,6,2,2
1455,lease 到 2016 .,0,1,1
1456,现有 两 匹 大 master ， 一 男生 一 女生 ， 很 好 相处 。,4,6,2
1457,floor plan ( 我 用 模拟 人生 搞 的 = = 就 看 个 结构 吧 实际 颜色 不 是 这样 的 ) ：,0,2,2
1458,有 permit ， 没有 车 ， 但是 想 近期 考 驾照 。,1,3,2
1459,已经 拿到 permit ， 有 车 。,2,4,2
1460,你 还 ， 请 问 可以 share 一下 你 教练 的 联系 方式 吗 ？,6,7,1
1461,在 每 一 次 booking 客人 走 之后 需要 进行 整理 和 清洁 。,4,5,1
1462,area manager 地区 经理,2,3,1
1464,客服 很 nice ， 丢 单 必 补 ， 从不 赖账 ；,2,4,2
1465,有 需要 或 加入 att family plan 的 吗 ？,5,7,2
1467,有 permit ， 没有 车 ， 但是 很 需要 近期 考 驾照 。,1,3,2
1469,remain calm 冷静,0,1,1
1470,use good judgment 机智,0,2,2
1471,然后 就 可以 email 群发 附近 的 dealer 要求 报价 ， 然后 让 他们 互相 beat 。,3,5,2
1472,toilet 厕所 excuse me .,1,2,1
1474,baggage claim 国际 出港 international departure,0,2,2
1475,downtown 有 个 公寓 叫 washington plaza ， view 啊 户型 啊 ， 都 极 好 ， 没有 车 也 有 公交 ， 车位 充足 生活 便利 。,0,1,1